Date,Name of State/UT,Total Confirmed cases (Indian National),Total Confirmed cases (Foreign National),Cured/Discharged/Migrated,Death,Total Confirmed cases
10-03-2020,Delhi,4,0,0,0,4
10-03-2020,Haryana,0,14,0,0,14
10-03-2020,Jammu and Kashmir,1,0,0,0,1
10-03-2020,Karnataka,1,0,0,0,1
10-03-2020,Kerala,9,0,0,0,9
10-03-2020,Ladakh,2,0,0,0,2
10-03-2020,Maharashtra,2,0,0,0,2
10-03-2020,Punjab,1,0,0,0,1
10-03-2020,Rajasthan,0,2,0,0,2
10-03-2020,Tamil Nadu,1,0,0,0,1
10-03-2020,Telengana,1,0,0,0,1
10-03-2020,Uttar Pradesh,9,0,0,0,9
11-03-2020,Delhi,5,0,0,0,5
11-03-2020,Haryana,0,14,0,0,14
11-03-2020,Jammu and Kashmir,1,0,0,0,1
11-03-2020,Karnataka,4,0,0,0,4
11-03-2020,Kerala,17,0,0,0,17
11-03-2020,Ladakh,2,0,0,0,2
11-03-2020,Maharashtra,2,0,0,0,2
11-03-2020,Punjab,1,0,0,0,1
11-03-2020,Rajasthan,1,2,0,0,3
11-03-2020,Tamil Nadu,1,0,0,0,1
11-03-2020,Telengana,1,0,0,0,1
11-03-2020,Uttar Pradesh,9,0,0,0,9
12-03-2020,Delhi,6,0,0,0,6
12-03-2020,Haryana,0,14,0,0,14
12-03-2020,Jammu and Kashmir,1,0,0,0,1
12-03-2020,Karnataka,4,0,0,0,4
12-03-2020,Kerala,17,0,0,0,17
12-03-2020,Ladakh,3,0,0,0,3
12-03-2020,Maharashtra,11,0,0,0,11
12-03-2020,Punjab,1,0,0,0,1
12-03-2020,Rajasthan,1,2,0,0,3
12-03-2020,Tamil Nadu,1,0,0,0,1
12-03-2020,Telengana,1,0,0,0,1
12-03-2020,Uttar Pradesh,10,1,0,0,11
13-03-2020,Andhra Pradesh,1,0,0,0,1
13-03-2020,Delhi,7,0,1,1,7
13-03-2020,Haryana,0,14,0,0,14
13-03-2020,Jammu and Kashmir,1,0,0,0,1
13-03-2020,Karnataka,6,0,0,1,6
13-03-2020,Kerala,19,0,3,0,19
13-03-2020,Ladakh,3,0,0,0,3
13-03-2020,Maharashtra,14,0,0,0,14
13-03-2020,Punjab,1,0,0,0,1
13-03-2020,Rajasthan,1,2,1,0,3
13-03-2020,Tamil Nadu,1,0,0,0,1
13-03-2020,Telengana,1,0,0,0,1
13-03-2020,Uttar Pradesh,10,1,5,0,11
14-03-2020,Andhra Pradesh,1,0,0,0,1
14-03-2020,Delhi,7,0,1,1,7
14-03-2020,Haryana,0,14,0,0,14
14-03-2020,Jammu and Kashmir,2,0,0,0,2
14-03-2020,Karnataka,6,0,0,1,6
14-03-2020,Kerala,19,0,3,0,19
14-03-2020,Ladakh,3,0,0,0,3
14-03-2020,Maharashtra,14,0,0,0,14
14-03-2020,Punjab,1,0,0,0,1
14-03-2020,Rajasthan,1,2,1,0,3
14-03-2020,Tamil Nadu,1,0,0,0,1
14-03-2020,Telengana,1,0,0,0,1
14-03-2020,Uttar Pradesh,11,1,5,0,12
15-03-2020,Andhra Pradesh,1,0,0,0,1
15-03-2020,Delhi,7,0,2,1,7
15-03-2020,Haryana,0,14,0,0,14
15-03-2020,Jammu and Kashmir,2,0,0,0,2
15-03-2020,Karnataka,6,0,0,1,6
15-03-2020,Kerala,22,0,3,0,22
15-03-2020,Ladakh,3,0,0,0,3
15-03-2020,Maharashtra,32,0,0,0,32
15-03-2020,Punjab,1,0,0,0,1
15-03-2020,Rajasthan,2,2,3,0,4
15-03-2020,Tamil Nadu,1,0,0,0,1
15-03-2020,Telengana,3,0,1,0,3
15-03-2020,Uttar Pradesh,12,1,4,0,13
15-03-2020,Uttarakhand,1,0,0,0,1
16-03-2020,Andhra Pradesh,1,0,0,0,1
16-03-2020,Delhi,7,0,2,1,7
16-03-2020,Haryana,0,14,0,0,14
16-03-2020,Jammu and Kashmir,3,0,0,0,3
16-03-2020,Karnataka,6,0,0,1,6
16-03-2020,Kerala,23,0,3,0,23
16-03-2020,Ladakh,4,0,0,0,4
16-03-2020,Maharashtra,32,0,0,0,32
16-03-2020,Odisha,1,0,0,0,1
16-03-2020,Punjab,1,0,0,0,1
16-03-2020,Rajasthan,2,2,3,0,4
16-03-2020,Tamil Nadu,1,0,0,0,1
16-03-2020,Telengana,3,0,1,0,3
16-03-2020,Uttar Pradesh,12,1,4,0,13
16-03-2020,Uttarakhand,1,0,0,0,1
17-03-2020,Andhra Pradesh,1,0,0,0,1
17-03-2020,Delhi,8,0,2,1,8
17-03-2020,Haryana,1,14,0,0,15
17-03-2020,Jammu and Kashmir,3,0,0,0,3
17-03-2020,Karnataka,11,0,0,1,11
17-03-2020,Kerala,24,2,3,0,26
17-03-2020,Ladakh,6,0,0,0,6
17-03-2020,Maharashtra,36,3,0,1,39
17-03-2020,Odisha,1,0,0,0,1
17-03-2020,Punjab,1,0,0,0,1
17-03-2020,Rajasthan,2,2,3,0,4
17-03-2020,Tamil Nadu,1,0,0,0,1
17-03-2020,Telengana,3,2,1,0,5
17-03-2020,Uttar Pradesh,14,1,5,0,15
17-03-2020,Uttarakhand,1,0,0,0,1
18-03-2020,Andhra Pradesh,1,0,0,0,1
18-03-2020,Delhi,9,1,2,1,10
18-03-2020,Haryana,3,14,0,0,17
18-03-2020,Jammu and Kashmir,3,0,0,0,3
18-03-2020,Karnataka,11,0,0,1,11
18-03-2020,Kerala,25,2,3,0,27
18-03-2020,Ladakh,8,0,0,0,8
18-03-2020,Maharashtra,39,3,0,1,42
18-03-2020,Odisha,1,0,0,0,1
18-03-2020,Puducherry,1,0,0,0,1
18-03-2020,Punjab,1,0,0,0,1
18-03-2020,Rajasthan,2,2,3,0,4
18-03-2020,Tamil Nadu,1,0,0,0,1
18-03-2020,Telengana,4,2,1,0,6
18-03-2020,Uttar Pradesh,15,1,5,0,16
18-03-2020,Uttarakhand,1,0,0,0,1
18-03-2020,West Bengal,1,0,0,0,1
19-03-2020,Andhra Pradesh,2,0,0,0,2
19-03-2020,Chandigarh,1,0,0,0,1
19-03-2020,Chhattisgarh,1,0,0,0,1
19-03-2020,Delhi,11,1,3,1,12
19-03-2020,Haryana,3,14,0,0,17
19-03-2020,Jammu and Kashmir,4,0,0,0,4
19-03-2020,Karnataka,14,0,0,1,14
19-03-2020,Kerala,25,2,3,0,27
19-03-2020,Ladakh,8,0,0,0,8
19-03-2020,Maharashtra,44,3,0,1,47
19-03-2020,Odisha,1,0,0,0,1
19-03-2020,Puducherry,1,0,0,0,1
19-03-2020,Punjab,2,0,0,1,2
19-03-2020,Rajasthan,5,2,3,0,7
19-03-2020,Tamil Nadu,2,0,1,0,2
19-03-2020,Telengana,4,2,1,0,6
19-03-2020,Uttar Pradesh,18,1,9,0,19
19-03-2020,Uttarakhand,1,0,0,0,1
19-03-2020,West Bengal,1,0,0,0,1
20-03-2020,Andhra Pradesh,3,0,0,0,3
20-03-2020,Chandigarh,1,0,0,0,1
20-03-2020,Chhattisgarh,1,0,0,0,1
20-03-2020,Delhi,16,1,5,1,17
20-03-2020,Gujarat,5,0,0,0,5
20-03-2020,Haryana,3,14,0,0,17
20-03-2020,Jammu and Kashmir,4,0,0,0,4
20-03-2020,Karnataka,15,0,1,1,15
20-03-2020,Kerala,26,2,3,0,28
20-03-2020,Ladakh,10,0,0,0,10
20-03-2020,Maharashtra,49,3,0,1,52
20-03-2020,Odisha,2,0,0,0,2
20-03-2020,Puducherry,1,0,0,0,1
20-03-2020,Punjab,2,0,0,1,2
20-03-2020,Rajasthan,15,2,3,0,17
20-03-2020,Tamil Nadu,3,0,1,0,3
20-03-2020,Telengana,8,9,1,0,17
20-03-2020,Uttar Pradesh,22,1,9,0,23
20-03-2020,Uttarakhand,3,0,0,0,3
20-03-2020,West Bengal,2,0,0,0,2
21-03-2020,Andhra Pradesh,3,0,0,0,3
21-03-2020,Chandigarh,1,0,0,0,1
21-03-2020,Chhattisgarh,1,0,0,0,1
21-03-2020,Delhi,25,1,5,1,26
21-03-2020,Gujarat,7,0,0,0,7
21-03-2020,Haryana,3,14,0,0,17
21-03-2020,Himachal Pradesh,2,0,0,0,2
21-03-2020,Jammu and Kashmir,4,0,0,0,4
21-03-2020,Karnataka,15,0,1,1,15
21-03-2020,Kerala,33,7,3,0,40
21-03-2020,Ladakh,13,0,0,0,13
21-03-2020,Madhya Pradesh,4,0,0,0,4
21-03-2020,Maharashtra,60,3,0,1,63
21-03-2020,Odisha,2,0,0,0,2
21-03-2020,Puducherry,1,0,0,0,1
21-03-2020,Punjab,13,0,0,1,13
21-03-2020,Rajasthan,15,2,3,0,17
21-03-2020,Tamil Nadu,3,0,1,0,3
21-03-2020,Telengana,10,11,1,0,21
21-03-2020,Uttar Pradesh,23,1,9,0,24
21-03-2020,Uttarakhand,3,0,0,0,3
21-03-2020,West Bengal,3,0,0,0,3
22-03-2020,Andhra Pradesh,5,0,0,0,5
22-03-2020,Bihar,2,0,0,1,2
22-03-2020,Chandigarh,5,0,0,0,5
22-03-2020,Chhattisgarh,1,0,0,0,1
22-03-2020,Delhi,28,1,5,1,29
22-03-2020,Gujarat,18,0,0,1,18
22-03-2020,Haryana,7,14,0,0,21
22-03-2020,Himachal Pradesh,2,0,0,0,2
22-03-2020,Jammu and Kashmir,4,0,0,0,4
22-03-2020,Karnataka,26,0,2,1,26
22-03-2020,Kerala,45,7,3,0,52
22-03-2020,Ladakh,13,0,0,0,13
22-03-2020,Madhya Pradesh,4,0,0,0,4
22-03-2020,Maharashtra,64,3,0,2,67
22-03-2020,Odisha,2,0,0,0,2
22-03-2020,Puducherry,1,0,0,0,1
22-03-2020,Punjab,21,0,0,1,21
22-03-2020,Rajasthan,22,2,3,0,24
22-03-2020,Tamil Nadu,5,2,1,0,7
22-03-2020,Telengana,11,11,1,0,22
22-03-2020,Uttar Pradesh,26,1,9,0,27
22-03-2020,Uttarakhand,3,0,0,0,3
22-03-2020,West Bengal,4,0,0,0,4
23-03-2020,Andhra Pradesh,7,0,0,0,7
23-03-2020,Bihar,2,0,0,1,2
23-03-2020,Chandigarh,6,0,0,0,6
23-03-2020,Chhattisgarh,1,0,0,0,1
23-03-2020,Delhi,28,1,5,1,29
23-03-2020,Gujarat,29,0,0,1,29
23-03-2020,Haryana,12,14,11,0,26
23-03-2020,Himachal Pradesh,2,0,0,0,2
23-03-2020,Jammu and Kashmir,4,0,0,0,4
23-03-2020,Karnataka,33,0,2,1,33
23-03-2020,Kerala,60,7,3,0,67
23-03-2020,Ladakh,13,0,0,0,13
23-03-2020,Madhya Pradesh,6,0,0,0,6
23-03-2020,Maharashtra,71,3,0,2,74
23-03-2020,Odisha,2,0,0,0,2
23-03-2020,Puducherry,1,0,0,0,1
23-03-2020,Punjab,21,0,0,1,21
23-03-2020,Rajasthan,26,2,3,0,28
23-03-2020,Tamil Nadu,7,2,1,0,9
23-03-2020,Telengana,22,10,1,0,32
23-03-2020,Uttar Pradesh,30,1,9,0,31
23-03-2020,Uttarakhand,3,0,0,0,3
23-03-2020,West Bengal,7,0,0,1,7
24-03-2020,Andhra Pradesh,8,0,0,0,8
24-03-2020,Bihar,3,0,0,1,3
24-03-2020,Chandigarh,7,0,0,0,7
24-03-2020,Chhattisgarh,1,0,0,0,1
24-03-2020,Delhi,29,1,6,2,30
24-03-2020,Gujarat,32,1,0,1,33
24-03-2020,Haryana,14,14,11,0,28
24-03-2020,Himachal Pradesh,3,0,0,1,3
24-03-2020,Jammu and Kashmir,4,0,0,0,4
24-03-2020,Karnataka,37,0,3,1,37
24-03-2020,Kerala,87,8,4,0,95
24-03-2020,Ladakh,13,0,0,0,13
24-03-2020,Madhya Pradesh,7,0,0,0,7
24-03-2020,Maharashtra,86,3,0,2,89
24-03-2020,Manipur,1,0,0,0,1
24-03-2020,Odisha,2,0,0,0,2
24-03-2020,Puducherry,1,0,0,0,1
24-03-2020,Punjab,29,0,0,1,29
24-03-2020,Rajasthan,30,2,3,0,32
24-03-2020,Tamil Nadu,13,2,1,0,15
24-03-2020,Telengana,25,10,1,0,35
24-03-2020,Uttar Pradesh,32,1,11,0,33
24-03-2020,Uttarakhand,3,1,0,0,4
24-03-2020,West Bengal,9,0,0,1,9
25-03-2020,Andhra Pradesh,9,0,1,0,9
25-03-2020,Bihar,4,0,0,1,4
25-03-2020,Chandigarh,7,0,0,0,7
25-03-2020,Chhattisgarh,1,0,0,0,1
25-03-2020,Delhi,30,1,6,1,31
25-03-2020,Gujarat,37,1,0,1,38
25-03-2020,Haryana,14,14,11,0,28
25-03-2020,Himachal Pradesh,3,0,0,1,3
25-03-2020,Jammu and Kashmir,7,0,1,0,7
25-03-2020,Karnataka,41,0,3,1,41
25-03-2020,Kerala,101,8,4,0,109
25-03-2020,Ladakh,13,0,0,0,13
25-03-2020,Madhya Pradesh,14,0,0,0,14
25-03-2020,Maharashtra,125,3,1,3,128
25-03-2020,Manipur,1,0,0,0,1
25-03-2020,Mizoram,1,0,0,0,1
25-03-2020,Odisha,2,0,0,0,2
25-03-2020,Puducherry,1,0,0,0,1
25-03-2020,Punjab,29,0,0,1,29
25-03-2020,Rajasthan,34,2,3,0,36
25-03-2020,Tamil Nadu,16,2,1,0,18
25-03-2020,Telengana,25,10,1,0,35
25-03-2020,Uttar Pradesh,36,1,11,0,37
25-03-2020,Uttarakhand,3,1,0,0,4
25-03-2020,West Bengal,9,0,0,1,9
26-03-2020,Andaman and Nicobar Islands,1,0,0,0,1
26-03-2020,Andhra Pradesh,11,0,1,0,11
26-03-2020,Bihar,6,0,0,1,6
26-03-2020,Chandigarh,7,0,0,0,7
26-03-2020,Chhattisgarh,6,0,0,0,6
26-03-2020,Delhi,35,1,6,1,36
26-03-2020,Goa,3,0,0,0,3
26-03-2020,Gujarat,42,1,0,3,43
26-03-2020,Haryana,16,14,11,0,30
26-03-2020,Himachal Pradesh,3,0,0,1,3
26-03-2020,Jammu and Kashmir,13,0,1,0,13
26-03-2020,Karnataka,55,0,3,2,55
26-03-2020,Kerala,110,8,6,0,118
26-03-2020,Ladakh,13,0,0,0,13
26-03-2020,Madhya Pradesh,20,0,0,1,20
26-03-2020,Maharashtra,121,3,1,3,124
26-03-2020,Manipur,1,0,0,0,1
26-03-2020,Mizoram,1,0,0,0,1
26-03-2020,Odisha,2,0,0,0,2
26-03-2020,Puducherry,1,0,0,0,1
26-03-2020,Punjab,33,0,0,1,33
26-03-2020,Rajasthan,39,2,3,0,41
26-03-2020,Tamil Nadu,20,6,1,1,26
26-03-2020,Telengana,34,10,1,0,44
26-03-2020,Uttar Pradesh,40,1,11,0,41
26-03-2020,Uttarakhand,4,1,0,0,5
26-03-2020,West Bengal,10,0,0,1,10
27-03-2020,Andaman and Nicobar Islands,1,0,0,0,1
27-03-2020,Andhra Pradesh,12,0,1,0,12
27-03-2020,Bihar,6,0,0,1,6
27-03-2020,Chandigarh,7,0,0,0,7
27-03-2020,Chhattisgarh,6,0,0,0,6
27-03-2020,Delhi,35,1,6,1,36
27-03-2020,Goa,3,0,0,0,3
27-03-2020,Gujarat,42,1,0,3,43
27-03-2020,Haryana,16,14,11,0,30
27-03-2020,Himachal Pradesh,3,0,0,1,3
27-03-2020,Jammu and Kashmir,13,0,1,1,13
27-03-2020,Karnataka,55,0,3,2,55
27-03-2020,Kerala,129,8,11,0,137
27-03-2020,Ladakh,13,0,3,0,13
27-03-2020,Madhya Pradesh,20,0,0,1,20
27-03-2020,Maharashtra,127,3,15,4,130
27-03-2020,Manipur,1,0,0,0,1
27-03-2020,Mizoram,1,0,0,0,1
27-03-2020,Odisha,2,0,0,0,2
27-03-2020,Puducherry,1,0,0,0,1
27-03-2020,Punjab,33,0,0,1,33
27-03-2020,Rajasthan,39,2,3,0,41
27-03-2020,Tamil Nadu,23,6,1,1,29
27-03-2020,Telengana,35,10,1,0,45
27-03-2020,Uttar Pradesh,40,1,11,0,41
27-03-2020,Uttarakhand,4,1,0,0,5
27-03-2020,West Bengal,10,0,0,1,10
28-03-2020,Andaman and Nicobar Islands,6,0,0,0,6
28-03-2020,Andhra Pradesh,14,0,1,0,14
28-03-2020,Bihar,9,0,0,1,9
28-03-2020,Chandigarh,8,0,0,0,8
28-03-2020,Chhattisgarh,6,0,0,0,6
28-03-2020,Delhi,38,1,6,1,39
28-03-2020,Goa,3,0,0,0,3
28-03-2020,Gujarat,44,1,0,3,45
28-03-2020,Haryana,19,14,12,0,33
28-03-2020,Himachal Pradesh,3,0,0,1,3
28-03-2020,Jammu and Kashmir,20,0,1,1,20
28-03-2020,Karnataka,55,0,3,2,55
28-03-2020,Kerala,168,8,11,0,176
28-03-2020,Ladakh,13,0,3,0,13
28-03-2020,Madhya Pradesh,30,0,0,2,30
28-03-2020,Maharashtra,177,3,25,5,180
28-03-2020,Manipur,1,0,0,0,1
28-03-2020,Mizoram,1,0,0,0,1
28-03-2020,Odisha,3,0,0,0,3
28-03-2020,Puducherry,1,0,0,0,1
28-03-2020,Punjab,38,0,1,1,38
28-03-2020,Rajasthan,52,2,3,0,54
28-03-2020,Tamil Nadu,34,6,2,1,40
28-03-2020,Telengana,46,10,1,0,56
28-03-2020,Uttar Pradesh,54,1,11,0,55
28-03-2020,Uttarakhand,4,1,0,0,5
28-03-2020,West Bengal,15,0,0,1,15
29-03-2020,Andaman and Nicobar Islands,9,0,0,0,9
29-03-2020,Andhra Pradesh,19,0,1,0,19
29-03-2020,Bihar,11,0,0,1,11
29-03-2020,Chandigarh,8,0,0,0,8
29-03-2020,Chhattisgarh,7,0,0,0,7
29-03-2020,Delhi,48,1,6,2,49
29-03-2020,Goa,4,1,0,0,5
29-03-2020,Gujarat,57,1,1,5,58
29-03-2020,Haryana,19,14,17,0,33
29-03-2020,Himachal Pradesh,3,0,0,1,3
29-03-2020,Jammu and Kashmir,31,0,1,2,31
29-03-2020,Karnataka,76,0,5,3,76
29-03-2020,Kerala,174,8,15,1,182
29-03-2020,Ladakh,13,0,3,0,13
29-03-2020,Madhya Pradesh,30,0,0,2,30
29-03-2020,Maharashtra,183,3,25,6,186
29-03-2020,Manipur,1,0,0,0,1
29-03-2020,Mizoram,1,0,0,0,1
29-03-2020,Odisha,3,0,0,0,3
29-03-2020,Puducherry,1,0,0,0,1
29-03-2020,Punjab,38,0,1,1,38
29-03-2020,Rajasthan,53,2,3,0,55
29-03-2020,Tamil Nadu,43,6,4,1,49
29-03-2020,Telengana,56,10,1,1,66
29-03-2020,Uttar Pradesh,64,1,11,0,65
29-03-2020,Uttarakhand,6,1,2,0,7
29-03-2020,West Bengal,18,0,0,1,18
30-03-2020,Andaman and Nicobar Islands,9,0,0,0,9
30-03-2020,Andhra Pradesh,23,0,1,0,23
30-03-2020,Bihar,15,0,0,1,15
30-03-2020,Chandigarh,8,0,0,0,8
30-03-2020,Chhattisgarh,7,0,0,0,7
30-03-2020,Delhi,86,1,6,2,87
30-03-2020,Goa,4,1,0,0,5
30-03-2020,Gujarat,68,1,1,6,69
30-03-2020,Haryana,22,14,18,0,36
30-03-2020,Himachal Pradesh,3,0,0,1,3
30-03-2020,Jammu and Kashmir,48,0,2,2,48
30-03-2020,Karnataka,83,0,5,3,83
30-03-2020,Kerala,194,8,19,1,202
30-03-2020,Ladakh,13,0,3,0,13
30-03-2020,Madhya Pradesh,47,0,0,3,47
30-03-2020,Maharashtra,195,3,25,8,198
30-03-2020,Manipur,1,0,0,0,1
30-03-2020,Mizoram,1,0,0,0,1
30-03-2020,Odisha,3,0,0,0,3
30-03-2020,Puducherry,1,0,0,0,1
30-03-2020,Punjab,38,0,1,1,38
30-03-2020,Rajasthan,57,2,3,0,59
30-03-2020,Tamil Nadu,61,6,4,1,67
30-03-2020,Telengana,61,10,1,1,71
30-03-2020,Uttar Pradesh,81,1,11,0,82
30-03-2020,Uttarakhand,6,1,2,0,7
30-03-2020,West Bengal,22,0,0,1,22
31-03-2020,Andaman and Nicobar Islands,10,0,0,0,10
31-03-2020,Andhra Pradesh,40,0,1,0,40
31-03-2020,Bihar,15,0,0,1,15
31-03-2020,Chandigarh,13,0,0,0,13
31-03-2020,Chhattisgarh,8,0,0,0,8
31-03-2020,Delhi,96,1,6,2,97
31-03-2020,Goa,4,1,0,0,5
31-03-2020,Gujarat,72,1,3,6,73
31-03-2020,Haryana,26,14,21,0,40
31-03-2020,Himachal Pradesh,3,0,0,1,3
31-03-2020,Jammu and Kashmir,54,0,2,2,54
31-03-2020,Karnataka,83,0,5,3,83
31-03-2020,Kerala,226,8,19,1,234
31-03-2020,Ladakh,13,0,3,0,13
31-03-2020,Madhya Pradesh,47,0,0,3,47
31-03-2020,Maharashtra,213,3,39,9,216
31-03-2020,Manipur,1,0,0,0,1
31-03-2020,Mizoram,1,0,0,0,1
31-03-2020,Odisha,3,0,0,0,3
31-03-2020,Puducherry,1,0,0,0,1
31-03-2020,Punjab,41,0,1,3,41
31-03-2020,Rajasthan,72,2,3,0,74
31-03-2020,Tamil Nadu,68,6,4,1,74
31-03-2020,Telengana,69,10,1,1,79
31-03-2020,Uttar Pradesh,100,1,14,0,101
31-03-2020,Uttarakhand,6,1,2,0,7
31-03-2020,West Bengal,26,0,0,2,26
01-04-2020,Andaman and Nicobar Islands,10,0,1,0,10
01-04-2020,Andhra Pradesh,83,0,0,0,83
01-04-2020,Assam,1,0,0,0,1
01-04-2020,Bihar,23,0,0,1,23
01-04-2020,Chandigarh,16,0,0,0,16
01-04-2020,Chhattisgarh,9,0,2,0,9
01-04-2020,Delhi,151,1,6,2,152
01-04-2020,Goa,4,1,0,0,5
01-04-2020,Gujarat,81,1,5,6,82
01-04-2020,Haryana,29,14,21,0,43
01-04-2020,Himachal Pradesh,3,0,0,1,3
01-04-2020,Jammu and Kashmir,62,0,2,2,62
01-04-2020,Jharkhand,1,0,0,0,1
01-04-2020,Karnataka,101,0,8,3,101
01-04-2020,Kerala,233,8,23,2,241
01-04-2020,Ladakh,13,0,3,0,13
01-04-2020,Madhya Pradesh,66,0,0,3,66
01-04-2020,Maharashtra,299,3,39,9,302
01-04-2020,Manipur,1,0,0,0,1
01-04-2020,Mizoram,1,0,0,0,1
01-04-2020,Odisha,4,0,0,0,4
01-04-2020,Puducherry,3,0,1,0,3
01-04-2020,Punjab,42,0,1,3,42
01-04-2020,Rajasthan,91,2,3,0,93
01-04-2020,Tamil Nadu,228,6,6,1,234
01-04-2020,Telengana,86,10,1,3,96
01-04-2020,Uttar Pradesh,102,1,14,2,103
01-04-2020,Uttarakhand,6,1,2,0,7
01-04-2020,West Bengal,37,0,6,3,37
02-04-2020,Andaman and Nicobar Islands,10,0,0,0,10
02-04-2020,Andhra Pradesh,86,0,1,1,86
02-04-2020,Assam,5,0,0,0,5
02-04-2020,Bihar,24,0,0,1,24
02-04-2020,Chandigarh,16,0,0,0,16
02-04-2020,Chhattisgarh,9,0,2,0,9
02-04-2020,Delhi,218,1,8,4,219
02-04-2020,Goa,4,1,0,0,5
02-04-2020,Gujarat,86,1,8,7,87
02-04-2020,Haryana,29,14,21,0,43
02-04-2020,Himachal Pradesh,3,0,1,1,3
02-04-2020,Jammu and Kashmir,62,0,2,2,62
02-04-2020,Jharkhand,1,0,0,0,1
02-04-2020,Karnataka,110,0,9,3,110
02-04-2020,Kerala,257,8,25,2,265
02-04-2020,Ladakh,13,0,3,0,13
02-04-2020,Madhya Pradesh,99,0,0,6,99
02-04-2020,Maharashtra,332,3,42,13,335
02-04-2020,Manipur,1,0,0,0,1
02-04-2020,Mizoram,1,0,0,0,1
02-04-2020,Odisha,4,0,0,0,4
02-04-2020,Puducherry,3,0,1,0,3
02-04-2020,Punjab,46,0,1,4,46
02-04-2020,Rajasthan,106,2,3,0,108
02-04-2020,Tamil Nadu,228,6,6,1,234
02-04-2020,Telengana,97,10,1,3,107
02-04-2020,Uttar Pradesh,112,1,14,2,113
02-04-2020,Uttarakhand,6,1,2,0,7
02-04-2020,West Bengal,53,0,6,3,53
03-04-2020,Andaman and Nicobar Islands,10,0,0,0,10
03-04-2020,Andhra Pradesh,132,0,1,1,132
03-04-2020,Arunachal Pradesh,1,0,0,0,1
03-04-2020,Assam,16,0,0,0,16
03-04-2020,Bihar,29,0,0,1,29
03-04-2020,Chandigarh,18,0,0,0,18
03-04-2020,Chhattisgarh,9,0,3,0,9
03-04-2020,Delhi,218,1,8,4,219
03-04-2020,Goa,5,1,0,0,6
03-04-2020,Gujarat,94,1,10,8,95
03-04-2020,Haryana,35,14,24,0,49
03-04-2020,Himachal Pradesh,6,0,1,1,6
03-04-2020,Jammu and Kashmir,75,0,3,2,75
03-04-2020,Jharkhand,2,0,0,0,2
03-04-2020,Karnataka,124,0,10,3,124
03-04-2020,Kerala,278,8,27,2,286
03-04-2020,Ladakh,14,0,3,0,14
03-04-2020,Madhya Pradesh,104,0,0,6,104
03-04-2020,Maharashtra,332,3,42,16,335
03-04-2020,Manipur,2,0,0,0,2
03-04-2020,Mizoram,1,0,0,0,1
03-04-2020,Odisha,5,0,0,0,5
03-04-2020,Puducherry,5,0,1,0,5
03-04-2020,Punjab,48,0,1,5,48
03-04-2020,Rajasthan,165,2,3,0,167
03-04-2020,Tamil Nadu,303,6,6,1,309
03-04-2020,Telengana,148,10,1,7,158
03-04-2020,Uttar Pradesh,171,1,14,2,172
03-04-2020,Uttarakhand,9,1,2,0,10
03-04-2020,West Bengal,63,0,3,3,63
04-04-2020,Andaman and Nicobar Islands,10,0,0,0,10
04-04-2020,Andhra Pradesh,161,0,1,1,161
04-04-2020,Arunachal Pradesh,1,0,0,0,1
04-04-2020,Assam,24,0,0,0,24
04-04-2020,Bihar,30,0,0,1,30
04-04-2020,Chandigarh,18,0,0,0,18
04-04-2020,Chhattisgarh,9,0,3,0,9
04-04-2020,Delhi,444,1,15,6,445
04-04-2020,Goa,6,1,0,0,7
04-04-2020,Gujarat,104,1,14,10,105
04-04-2020,Haryana,35,14,24,0,49
04-04-2020,Himachal Pradesh,6,0,1,1,6
04-04-2020,Jammu and Kashmir,75,0,3,2,75
04-04-2020,Jharkhand,2,0,0,0,2
04-04-2020,Karnataka,128,0,12,3,128
04-04-2020,Kerala,287,8,41,2,295
04-04-2020,Ladakh,14,0,3,0,14
04-04-2020,Madhya Pradesh,104,0,0,6,104
04-04-2020,Maharashtra,487,3,42,24,490
04-04-2020,Manipur,2,0,0,0,2
04-04-2020,Mizoram,1,0,0,0,1
04-04-2020,Odisha,5,0,0,0,5
04-04-2020,Puducherry,5,0,1,0,5
04-04-2020,Punjab,57,0,1,5,57
04-04-2020,Rajasthan,198,2,21,0,200
04-04-2020,Tamil Nadu,405,6,6,2,411
04-04-2020,Telengana,149,10,1,7,159
04-04-2020,Uttar Pradesh,173,1,19,2,174
04-04-2020,Uttarakhand,15,1,2,0,16
04-04-2020,West Bengal,69,0,3,3,69
05-04-2020,Andaman and Nicobar Islands,10,0,0,0,10
05-04-2020,Andhra Pradesh,190,0,1,1,190
05-04-2020,Arunachal Pradesh,1,0,0,0,1
05-04-2020,Assam,26,0,0,0,26
05-04-2020,Bihar,30,0,0,1,30
05-04-2020,Chandigarh,18,0,0,0,18
05-04-2020,Chhattisgarh,9,0,3,0,9
05-04-2020,Delhi,502,1,18,7,503
05-04-2020,Goa,6,1,0,0,7
05-04-2020,Gujarat,121,1,18,11,122
05-04-2020,Haryana,45,14,25,1,59
05-04-2020,Himachal Pradesh,6,0,1,1,6
05-04-2020,Jammu and Kashmir,106,0,4,2,106
05-04-2020,Jharkhand,3,0,0,0,3
05-04-2020,Karnataka,144,0,12,4,144
05-04-2020,Kerala,298,8,49,2,306
05-04-2020,Ladakh,14,0,10,0,14
05-04-2020,Madhya Pradesh,165,0,0,9,165
05-04-2020,Maharashtra,487,3,42,24,490
05-04-2020,Manipur,2,0,0,0,2
05-04-2020,Mizoram,1,0,0,0,1
05-04-2020,Odisha,20,0,0,0,20
05-04-2020,Puducherry,5,0,1,0,5
05-04-2020,Punjab,57,0,1,5,57
05-04-2020,Rajasthan,198,2,21,0,200
05-04-2020,Tamil Nadu,479,6,6,3,485
05-04-2020,Telengana,259,10,32,7,269
05-04-2020,Uttar Pradesh,226,1,19,2,227
05-04-2020,Uttarakhand,21,1,2,0,22
05-04-2020,West Bengal,80,0,10,3,80
06-04-2020,Andaman and Nicobar Islands,10,0,0,0,10
06-04-2020,Andhra Pradesh,226,0,1,3,226
06-04-2020,Arunachal Pradesh,1,0,0,0,1
06-04-2020,Assam,26,0,0,0,26
06-04-2020,Bihar,32,0,0,1,32
06-04-2020,Chandigarh,18,0,0,0,18
06-04-2020,Chhattisgarh,10,0,8,0,10
06-04-2020,Delhi,522,1,19,7,523
06-04-2020,Goa,6,1,0,0,7
06-04-2020,Gujarat,143,1,22,12,144
06-04-2020,Haryana,70,14,25,1,84
06-04-2020,Himachal Pradesh,13,0,2,1,13
06-04-2020,Jammu and Kashmir,109,0,4,2,109
06-04-2020,Jharkhand,4,0,0,0,4
06-04-2020,Karnataka,151,0,12,4,151
06-04-2020,Kerala,306,8,55,2,314
06-04-2020,Ladakh,14,0,10,0,14
06-04-2020,Madhya Pradesh,165,0,0,9,165
06-04-2020,Maharashtra,745,3,56,45,748
06-04-2020,Manipur,2,0,0,0,2
06-04-2020,Mizoram,1,0,0,0,1
06-04-2020,Odisha,21,0,2,0,21
06-04-2020,Puducherry,5,0,1,0,5
06-04-2020,Punjab,76,0,4,6,76
06-04-2020,Rajasthan,272,2,21,0,274
06-04-2020,Tamil Nadu,565,6,8,5,571
06-04-2020,Telengana,311,10,34,7,321
06-04-2020,Uttar Pradesh,304,1,21,3,305
06-04-2020,Uttarakhand,25,1,4,0,26
06-04-2020,West Bengal,80,0,10,3,80
07-04-2020,Andaman and Nicobar Islands,10,0,0,0,10
07-04-2020,Andhra Pradesh,266,0,1,3,266
07-04-2020,Arunachal Pradesh,1,0,0,0,1
07-04-2020,Assam,26,0,0,0,26
07-04-2020,Bihar,32,0,0,1,32
07-04-2020,Chandigarh,18,0,7,0,18
07-04-2020,Chhattisgarh,10,0,9,0,10
07-04-2020,Delhi,575,1,21,7,576
07-04-2020,Goa,6,1,0,0,7
07-04-2020,Gujarat,164,1,25,13,165
07-04-2020,Haryana,76,14,25,1,90
07-04-2020,Himachal Pradesh,13,0,2,1,13
07-04-2020,Jammu and Kashmir,116,0,4,2,116
07-04-2020,Jharkhand,4,0,0,0,4
07-04-2020,Karnataka,175,0,25,4,175
07-04-2020,Kerala,319,8,58,2,327
07-04-2020,Ladakh,14,0,10,0,14
07-04-2020,Madhya Pradesh,229,0,0,13,229
07-04-2020,Maharashtra,865,3,56,48,868
07-04-2020,Manipur,2,0,0,0,2
07-04-2020,Mizoram,1,0,0,0,1
07-04-2020,Odisha,42,0,2,1,42
07-04-2020,Puducherry,5,0,1,0,5
07-04-2020,Punjab,91,0,4,7,91
07-04-2020,Rajasthan,286,2,21,3,288
07-04-2020,Tamil Nadu,615,6,8,5,621
07-04-2020,Telengana,354,10,35,7,364
07-04-2020,Tripura,1,0,0,0,1
07-04-2020,Uttar Pradesh,304,1,21,3,305
07-04-2020,Uttarakhand,30,1,5,0,31
07-04-2020,West Bengal,91,0,13,3,91
08-04-2020,Andaman and Nicobar Islands,10,0,0,0,10
08-04-2020,Andhra Pradesh,305,0,5,4,305
08-04-2020,Arunachal Pradesh,1,0,0,0,1
08-04-2020,Assam,27,0,0,0,27
08-04-2020,Bihar,38,0,0,1,38
08-04-2020,Chandigarh,18,0,7,0,18
08-04-2020,Chhattisgarh,10,0,9,0,10
08-04-2020,Delhi,575,1,21,9,576
08-04-2020,Goa,6,1,0,0,7
08-04-2020,Gujarat,164,1,25,13,165
08-04-2020,Haryana,133,14,28,3,147
08-04-2020,Himachal Pradesh,18,0,2,1,18
08-04-2020,Jammu and Kashmir,116,0,4,2,116
08-04-2020,Jharkhand,4,0,0,0,4
08-04-2020,Karnataka,175,0,25,4,175
08-04-2020,Kerala,328,8,70,2,336
08-04-2020,Ladakh,14,0,10,0,14
08-04-2020,Madhya Pradesh,229,0,0,13,229
08-04-2020,Maharashtra,1015,3,79,64,1018
08-04-2020,Manipur,2,0,0,0,2
08-04-2020,Mizoram,1,0,0,0,1
08-04-2020,Odisha,42,0,2,1,42
08-04-2020,Puducherry,5,0,1,0,5
08-04-2020,Punjab,91,0,4,7,91
08-04-2020,Rajasthan,326,2,21,3,328
08-04-2020,Tamil Nadu,684,6,19,7,690
08-04-2020,Telengana,417,10,35,7,427
08-04-2020,Tripura,1,0,0,0,1
08-04-2020,Uttar Pradesh,342,1,26,3,343
08-04-2020,Uttarakhand,30,1,5,0,31
08-04-2020,West Bengal,99,0,13,5,99
09-04-2020,Andaman and Nicobar Islands,11,0,0,0,11
09-04-2020,Andhra Pradesh,348,0,6,4,348
09-04-2020,Arunachal Pradesh,1,0,0,0,1
09-04-2020,Assam,28,0,0,0,28
09-04-2020,Bihar,39,0,0,1,39
09-04-2020,Chandigarh,18,0,7,0,18
09-04-2020,Chhattisgarh,10,0,9,0,10
09-04-2020,Delhi,668,1,21,9,669
09-04-2020,Goa,6,1,0,0,7
09-04-2020,Gujarat,178,1,25,16,179
09-04-2020,Haryana,155,14,29,3,169
09-04-2020,Himachal Pradesh,18,0,2,1,18
09-04-2020,Jammu and Kashmir,158,0,4,4,158
09-04-2020,Jharkhand,13,0,0,0,13
09-04-2020,Karnataka,181,0,28,5,181
09-04-2020,Kerala,337,8,83,2,345
09-04-2020,Ladakh,14,0,10,0,14
09-04-2020,Madhya Pradesh,259,0,0,16,259
09-04-2020,Maharashtra,1132,3,117,72,1135
09-04-2020,Manipur,2,0,1,0,2
09-04-2020,Mizoram,1,0,0,0,1
09-04-2020,Odisha,42,0,2,1,42
09-04-2020,Puducherry,5,0,1,0,5
09-04-2020,Punjab,101,0,4,8,101
09-04-2020,Rajasthan,381,2,21,3,383
09-04-2020,Tamil Nadu,732,6,21,8,738
09-04-2020,Telengana,432,10,35,7,442
09-04-2020,Tripura,1,0,0,0,1
09-04-2020,Uttar Pradesh,409,1,31,4,410
09-04-2020,Uttarakhand,34,1,5,0,35
09-04-2020,West Bengal,103,0,16,5,103
10-04-2020,Andaman and Nicobar Islands,11,0,0,0,11
10-04-2020,Andhra Pradesh,363,0,7,6,363
10-04-2020,Arunachal Pradesh,1,0,0,0,1
10-04-2020,Assam,29,0,0,0,29
10-04-2020,Bihar,60,0,0,1,60
10-04-2020,Chandigarh,18,0,7,0,18
10-04-2020,Chhattisgarh,10,0,9,0,10
10-04-2020,Delhi,897,1,25,13,898
10-04-2020,Goa,6,1,1,0,7
10-04-2020,Gujarat,240,1,26,17,241
10-04-2020,Haryana,155,14,29,3,169
10-04-2020,Himachal Pradesh,28,0,6,1,28
10-04-2020,Jammu and Kashmir,184,0,6,4,184
10-04-2020,Jharkhand,13,0,0,1,13
10-04-2020,Karnataka,197,0,30,6,197
10-04-2020,Kerala,349,8,96,2,357
10-04-2020,Ladakh,15,0,10,0,15
10-04-2020,Madhya Pradesh,259,0,0,16,259
10-04-2020,Maharashtra,1361,3,125,97,1364
10-04-2020,Manipur,2,0,1,0,2
10-04-2020,Mizoram,1,0,0,0,1
10-04-2020,Odisha,44,0,2,1,44
10-04-2020,Puducherry,5,0,1,0,5
10-04-2020,Punjab,132,0,5,11,132
10-04-2020,Rajasthan,461,2,21,3,463
10-04-2020,Tamil Nadu,828,6,21,8,834
10-04-2020,Telengana,463,10,35,7,473
10-04-2020,Tripura,1,0,0,0,1
10-04-2020,Uttar Pradesh,430,1,32,4,431
10-04-2020,Uttarakhand,34,1,5,0,35
10-04-2020,West Bengal,116,0,16,5,116
11-04-2020,Andaman and Nicobar Islands,11,0,0,0,11
11-04-2020,Andhra Pradesh,381,0,11,6,381
11-04-2020,Arunachal Pradesh,1,0,0,0,1
11-04-2020,Assam,29,0,0,1,29
11-04-2020,Bihar,60,0,0,1,60
11-04-2020,Chandigarh,18,0,7,0,18
11-04-2020,Chhattisgarh,18,0,9,0,18
11-04-2020,Delhi,902,1,25,14,903
11-04-2020,Goa,6,1,1,0,7
11-04-2020,Gujarat,307,1,31,19,308
11-04-2020,Haryana,163,14,29,3,177
11-04-2020,Himachal Pradesh,28,0,6,1,28
11-04-2020,Jammu and Kashmir,207,0,6,4,207
11-04-2020,Jharkhand,17,0,0,1,17
11-04-2020,Karnataka,214,0,37,6,214
11-04-2020,Kerala,356,8,123,2,364
11-04-2020,Ladakh,15,0,10,0,15
11-04-2020,Madhya Pradesh,443,0,0,33,443
11-04-2020,Maharashtra,1571,3,188,110,1574
11-04-2020,Manipur,2,0,1,0,2
11-04-2020,Mizoram,1,0,0,0,1
11-04-2020,Odisha,48,0,2,1,48
11-04-2020,Puducherry,7,0,1,0,7
11-04-2020,Punjab,132,0,5,11,132
11-04-2020,Rajasthan,551,2,21,3,553
11-04-2020,Tamil Nadu,905,6,44,8,911
11-04-2020,Telengana,494,10,43,9,504
11-04-2020,Tripura,2,0,0,0,2
11-04-2020,Uttar Pradesh,432,1,32,4,433
11-04-2020,Uttarakhand,34,1,5,0,35
11-04-2020,West Bengal,126,0,16,5,126
12-04-2020,Andaman and Nicobar Islands,11,0,10,0,11
12-04-2020,Andhra Pradesh,381,0,11,6,381
12-04-2020,Arunachal Pradesh,1,0,0,0,1
12-04-2020,Assam,29,0,0,1,29
12-04-2020,Bihar,64,0,19,1,64
12-04-2020,Chandigarh,19,0,7,0,19
12-04-2020,Chhattisgarh,25,0,10,0,25
12-04-2020,Delhi,1068,1,25,19,1069
12-04-2020,Goa,6,1,5,0,7
12-04-2020,Gujarat,431,1,44,22,432
12-04-2020,Haryana,171,14,29,3,185
12-04-2020,Himachal Pradesh,32,0,6,1,32
12-04-2020,Jammu and Kashmir,224,0,6,4,224
12-04-2020,Jharkhand,17,0,0,1,17
12-04-2020,Karnataka,226,0,37,6,226
12-04-2020,Kerala,366,8,142,2,374
12-04-2020,Ladakh,15,0,10,0,15
12-04-2020,Madhya Pradesh,564,0,0,36,564
12-04-2020,Maharashtra,1758,3,208,127,1761
12-04-2020,Manipur,2,0,1,0,2
12-04-2020,Mizoram,1,0,0,0,1
12-04-2020,Odisha,54,0,12,1,54
12-04-2020,Puducherry,7,0,1,0,7
12-04-2020,Punjab,151,0,5,11,151
12-04-2020,Rajasthan,698,2,21,3,700
12-04-2020,Tamil Nadu,963,6,44,10,969
12-04-2020,Telengana,494,10,43,9,504
12-04-2020,Tripura,2,0,0,0,2
12-04-2020,Uttar Pradesh,451,1,45,5,452
12-04-2020,Uttarakhand,34,1,5,0,35
12-04-2020,West Bengal,134,0,19,5,134
13-04-2020,Andaman and Nicobar Islands,11,0,10,0,11
13-04-2020,Andhra Pradesh,432,0,11,7,432
13-04-2020,Arunachal Pradesh,1,0,0,0,1
13-04-2020,Assam,31,0,0,1,31
13-04-2020,Bihar,64,0,26,1,64
13-04-2020,Chandigarh,21,0,7,0,21
13-04-2020,Chhattisgarh,31,0,10,0,31
13-04-2020,Delhi,1153,1,27,24,1154
13-04-2020,Goa,6,1,5,0,7
13-04-2020,Gujarat,538,1,47,26,539
13-04-2020,Haryana,171,14,29,3,185
13-04-2020,Himachal Pradesh,32,0,13,1,32
13-04-2020,Jammu and Kashmir,245,0,6,4,245
13-04-2020,Jharkhand,19,0,0,2,19
13-04-2020,Karnataka,247,0,59,6,247
13-04-2020,Kerala,368,8,179,3,376
13-04-2020,Ladakh,15,0,10,0,15
13-04-2020,Madhya Pradesh,604,0,44,43,604
13-04-2020,Maharashtra,1982,3,217,149,1985
13-04-2020,Manipur,2,0,1,0,2
13-04-2020,Mizoram,1,0,0,0,1
13-04-2020,Nagaland,1,0,0,0,1
13-04-2020,Odisha,54,0,12,1,54
13-04-2020,Puducherry,7,0,1,0,7
13-04-2020,Punjab,167,0,14,11,167
13-04-2020,Rajasthan,810,2,21,3,812
13-04-2020,Tamil Nadu,1069,6,50,11,1075
13-04-2020,Telengana,552,10,100,16,562
13-04-2020,Tripura,2,0,0,0,2
13-04-2020,Uttar Pradesh,482,1,47,5,483
13-04-2020,Uttarakhand,34,1,5,0,35
13-04-2020,West Bengal,152,0,29,7,152
14-04-2020,Andaman and Nicobar Islands,11,0,10,0,11
14-04-2020,Andhra Pradesh,473,0,14,9,473
14-04-2020,Arunachal Pradesh,1,0,0,0,1
14-04-2020,Assam,31,0,0,1,31
14-04-2020,Bihar,66,0,26,1,66
14-04-2020,Chandigarh,21,0,7,0,21
14-04-2020,Chhattisgarh,31,0,10,0,31
14-04-2020,Delhi,1509,1,30,28,1510
14-04-2020,Goa,6,1,5,0,7
14-04-2020,Gujarat,616,1,55,26,617
14-04-2020,Haryana,185,14,34,3,199
14-04-2020,Himachal Pradesh,32,0,13,1,32
14-04-2020,Jammu and Kashmir,270,0,16,4,270
14-04-2020,Jharkhand,24,0,0,2,24
14-04-2020,Karnataka,258,0,65,9,258
14-04-2020,Kerala,371,8,198,3,379
14-04-2020,Ladakh,15,0,10,0,15
14-04-2020,Madhya Pradesh,730,0,51,50,730
14-04-2020,Maharashtra,2334,3,229,160,2337
14-04-2020,Manipur,2,0,1,0,2
14-04-2020,Meghalaya,1,0,0,0,1
14-04-2020,Mizoram,1,0,0,0,1
14-04-2020,Nagaland,1,0,0,0,1
14-04-2020,Odisha,55,0,18,1,55
14-04-2020,Puducherry,7,0,1,0,7
14-04-2020,Punjab,176,0,14,12,176
14-04-2020,Rajasthan,877,2,133,3,879
14-04-2020,Tamil Nadu,1167,6,58,11,1173
14-04-2020,Telengana,614,10,100,17,624
14-04-2020,Tripura,2,0,0,0,2
14-04-2020,Uttar Pradesh,656,1,49,5,657
14-04-2020,Uttarakhand,34,1,7,0,35
14-04-2020,West Bengal,190,0,36,7,190
15-04-2020,Andaman and Nicobar Islands,11,0,10,0,11
15-04-2020,Andhra Pradesh,503,0,16,9,503
15-04-2020,Arunachal Pradesh,1,0,0,0,1
15-04-2020,Assam,33,0,0,1,33
15-04-2020,Bihar,70,0,29,1,70
15-04-2020,Chandigarh,21,0,7,0,21
15-04-2020,Chhattisgarh,33,0,13,0,33
15-04-2020,Delhi,1560,1,30,30,1561
15-04-2020,Goa,6,1,5,0,7
15-04-2020,Gujarat,694,1,59,30,695
15-04-2020,Haryana,185,14,34,3,199
15-04-2020,Himachal Pradesh,33,0,13,1,33
15-04-2020,Jammu and Kashmir,278,0,30,4,278
15-04-2020,Jharkhand,27,0,0,2,27
15-04-2020,Karnataka,277,0,75,11,277
15-04-2020,Kerala,379,8,211,3,387
15-04-2020,Ladakh,17,0,10,0,17
15-04-2020,Madhya Pradesh,987,0,64,53,987
15-04-2020,Maharashtra,2684,3,259,178,2687
15-04-2020,Manipur,2,0,1,0,2
15-04-2020,Meghalaya,7,0,0,1,7
15-04-2020,Mizoram,1,0,0,0,1
15-04-2020,Nagaland#,0,0,0,0,0
15-04-2020,Odisha,60,0,18,1,60
15-04-2020,Puducherry,7,0,1,0,7
15-04-2020,Punjab,186,0,14,13,186
15-04-2020,Rajasthan,1003,2,147,3,1005
15-04-2020,Tamil Nadu,1198,6,81,12,1204
15-04-2020,Telengana,637,10,120,18,647
15-04-2020,Tripura,2,0,0,0,2
15-04-2020,Uttar Pradesh,734,1,51,11,735
15-04-2020,Uttarakhand,36,1,9,0,37
15-04-2020,West Bengal,213,0,37,7,213
16-04-2020,Andaman and Nicobar Islands,11,0,10,0,11
16-04-2020,Andhra Pradesh,534,0,20,14,534
16-04-2020,Arunachal Pradesh,1,0,0,0,1
16-04-2020,Assam,33,0,5,1,33
16-04-2020,Bihar,74,0,29,1,74
16-04-2020,Chandigarh,21,0,7,0,21
16-04-2020,Chhattisgarh,33,0,17,0,33
16-04-2020,Delhi,1577,1,42,32,1578
16-04-2020,Goa,6,1,5,0,7
16-04-2020,Gujarat,870,1,64,36,871
16-04-2020,Haryana,191,14,43,3,205
16-04-2020,Himachal Pradesh,35,0,16,1,35
16-04-2020,Jammu and Kashmir,300,0,36,4,300
16-04-2020,Jharkhand,28,0,0,2,28
16-04-2020,Karnataka,315,0,82,13,315
16-04-2020,Kerala,380,8,218,3,388
16-04-2020,Ladakh,17,0,10,0,17
16-04-2020,Madhya Pradesh,1120,0,64,53,1120
16-04-2020,Maharashtra,2916,3,295,187,2919
16-04-2020,Manipur,2,0,1,0,2
16-04-2020,Meghalaya,7,0,0,1,7
16-04-2020,Mizoram,1,0,0,0,1
16-04-2020,Nagaland#,0,0,0,0,0
16-04-2020,Odisha,60,0,18,1,60
16-04-2020,Puducherry,7,0,1,0,7
16-04-2020,Punjab,186,0,27,13,186
16-04-2020,Rajasthan,1021,2,147,3,1023
16-04-2020,Tamil Nadu,1236,6,118,14,1242
16-04-2020,Telengana,688,10,120,18,698
16-04-2020,Tripura,2,0,1,0,2
16-04-2020,Uttar Pradesh,772,1,68,13,773
16-04-2020,Uttarakhand,36,1,9,0,37
16-04-2020,West Bengal,231,0,42,7,231
17-04-2020,Andaman and Nicobar Islands,11,0,10,0,11
17-04-2020,Andhra Pradesh,572,0,36,14,572
17-04-2020,Arunachal Pradesh,1,0,0,0,1
17-04-2020,Assam,35,0,5,1,35
17-04-2020,Bihar,83,0,37,1,83
17-04-2020,Chandigarh,21,0,9,0,21
17-04-2020,Chhattisgarh,36,0,23,0,36
17-04-2020,Delhi,1639,1,51,38,1640
17-04-2020,Goa,6,1,6,0,7
17-04-2020,Gujarat,1020,1,74,38,1021
17-04-2020,Haryana,191,14,43,3,205
17-04-2020,Himachal Pradesh,35,0,16,1,35
17-04-2020,Jammu and Kashmir,314,0,38,4,314
17-04-2020,Jharkhand,29,0,0,2,29
17-04-2020,Karnataka,353,0,82,13,353
17-04-2020,Kerala,387,8,245,3,395
17-04-2020,Ladakh,18,0,14,0,18
17-04-2020,Madhya Pradesh,1308,0,65,57,1308
17-04-2020,Maharashtra,3202,3,300,194,3205
17-04-2020,Manipur,2,0,1,0,2
17-04-2020,Meghalaya,9,0,0,1,9
17-04-2020,Mizoram,1,0,0,0,1
17-04-2020,Nagaland#,0,0,0,0,0
17-04-2020,Odisha,60,0,19,1,60
17-04-2020,Puducherry,7,0,1,0,7
17-04-2020,Punjab,186,0,27,13,186
17-04-2020,Rajasthan,1129,2,164,11,1131
17-04-2020,Tamil Nadu,1261,6,180,15,1267
17-04-2020,Telengana,733,10,186,18,743
17-04-2020,Tripura,2,0,1,0,2
17-04-2020,Uttar Pradesh,845,1,74,14,846
17-04-2020,Uttarakhand,36,1,9,0,37
17-04-2020,West Bengal,255,0,51,10,255
18-04-2020,Andaman and Nicobar Islands,12,0,11,0,12
18-04-2020,Andhra Pradesh,603,0,42,15,603
18-04-2020,Arunachal Pradesh,1,0,0,0,1
18-04-2020,Assam,35,0,9,1,35
18-04-2020,Bihar,85,0,37,2,85
18-04-2020,Chandigarh,21,0,9,0,21
18-04-2020,Chhattisgarh,36,0,24,0,36
18-04-2020,Delhi,1706,1,72,42,1707
18-04-2020,Goa,6,1,6,0,7
18-04-2020,Gujarat,1271,1,88,48,1272
18-04-2020,Haryana,211,14,43,3,225
18-04-2020,Himachal Pradesh,38,0,16,1,38
18-04-2020,Jammu and Kashmir,328,0,42,5,328
18-04-2020,Jharkhand,33,0,0,2,33
18-04-2020,Karnataka,371,0,92,13,371
18-04-2020,Kerala,388,8,255,3,396
18-04-2020,Ladakh,18,0,14,0,18
18-04-2020,Madhya Pradesh,1355,0,69,69,1355
18-04-2020,Maharashtra,3320,3,331,201,3323
18-04-2020,Manipur,2,0,1,0,2
18-04-2020,Meghalaya,11,0,0,1,11
18-04-2020,Mizoram,1,0,0,0,1
18-04-2020,Nagaland#,0,0,0,0,0
18-04-2020,Odisha,60,0,21,1,60
18-04-2020,Puducherry,7,0,3,0,7
18-04-2020,Punjab,202,0,27,13,202
18-04-2020,Rajasthan,1227,2,183,11,1229
18-04-2020,Tamil Nadu,1317,6,283,15,1323
18-04-2020,Telengana,781,10,186,18,791
18-04-2020,Tripura,2,0,1,0,2
18-04-2020,Uttar Pradesh,968,1,86,14,969
18-04-2020,Uttarakhand,41,1,9,0,42
18-04-2020,West Bengal,287,0,55,10,287
19-04-2020,Andaman and Nicobar Islands,14,0,11,0,14
19-04-2020,Andhra Pradesh,603,0,42,15,603
19-04-2020,Arunachal Pradesh,1,0,0,0,1
19-04-2020,Assam,35,0,12,1,35
19-04-2020,Bihar,86,0,37,2,86
19-04-2020,Chandigarh,23,0,10,0,23
19-04-2020,Chhattisgarh,36,0,24,0,36
19-04-2020,Delhi,1892,1,72,43,1893
19-04-2020,Goa,6,1,6,0,7
19-04-2020,Gujarat,1603,1,94,58,1604
19-04-2020,Haryana,219,14,87,3,233
19-04-2020,Himachal Pradesh,39,0,16,1,39
19-04-2020,Jammu and Kashmir,341,0,51,5,341
19-04-2020,Jharkhand,35,0,0,2,35
19-04-2020,Karnataka,384,0,104,14,384
19-04-2020,Kerala,392,8,257,3,400
19-04-2020,Ladakh,18,0,14,0,18
19-04-2020,Madhya Pradesh,1407,0,127,70,1407
19-04-2020,Maharashtra,3648,3,365,211,3651
19-04-2020,Manipur,2,0,1,0,2
19-04-2020,Meghalaya,11,0,0,1,11
19-04-2020,Mizoram,1,0,0,0,1
19-04-2020,Nagaland#,0,0,0,0,0
19-04-2020,Odisha,61,0,24,1,61
19-04-2020,Puducherry,7,0,3,0,7
19-04-2020,Punjab,219,0,31,16,219
19-04-2020,Rajasthan,1349,2,183,11,1351
19-04-2020,Tamil Nadu,1366,6,365,15,1372
19-04-2020,Telengana,834,10,186,18,844
19-04-2020,Tripura,2,0,1,0,2
19-04-2020,Uttar Pradesh,1083,1,108,17,1084
19-04-2020,Uttarakhand,41,1,9,0,42
19-04-2020,West Bengal,310,0,62,12,310
20-04-2020,Andaman and Nicobar Islands,15,0,11,0,15
20-04-2020,Andhra Pradesh,722,0,92,20,722
20-04-2020,Arunachal Pradesh,1,0,0,0,1
20-04-2020,Assam,35,0,17,1,35
20-04-2020,Bihar,96,0,42,2,96
20-04-2020,Chandigarh,26,0,13,0,26
20-04-2020,Chhattisgarh,36,0,25,0,36
20-04-2020,Delhi,2002,1,290,45,2003
20-04-2020,Goa,6,1,7,0,7
20-04-2020,Gujarat,1850,1,106,67,1851
20-04-2020,Haryana,219,14,87,3,233
20-04-2020,Himachal Pradesh,39,0,16,1,39
20-04-2020,Jammu and Kashmir,350,0,56,5,350
20-04-2020,Jharkhand,42,0,0,2,42
20-04-2020,Karnataka,395,0,111,16,395
20-04-2020,Kerala,394,8,270,3,402
20-04-2020,Ladakh,18,0,14,0,18
20-04-2020,Madhya Pradesh,1485,0,127,74,1485
20-04-2020,Maharashtra,4200,3,507,223,4203
20-04-2020,Manipur,2,0,2,0,2
20-04-2020,Meghalaya,11,0,0,1,11
20-04-2020,Mizoram,1,0,0,0,1
20-04-2020,Nagaland,0,0,0,0,0
20-04-2020,Odisha,68,0,24,1,68
20-04-2020,Puducherry,7,0,3,0,7
20-04-2020,Punjab,219,0,31,16,219
20-04-2020,Rajasthan,1476,2,183,14,1478
20-04-2020,Tamil Nadu,1471,6,411,15,1477
20-04-2020,Telengana,863,10,190,21,873
20-04-2020,Tripura,2,0,1,0,2
20-04-2020,Uttar Pradesh,1175,1,129,17,1176
20-04-2020,Uttarakhand,43,1,11,0,44
20-04-2020,West Bengal,339,0,66,12,339
21-04-2020,Andaman and Nicobar Islands,16,0,11,0,16
21-04-2020,Andhra Pradesh,757,0,96,22,757
21-04-2020,Arunachal Pradesh,1,0,1,0,1
21-04-2020,Assam,35,0,19,1,35
21-04-2020,Bihar,114,0,42,2,114
21-04-2020,Chandigarh,26,0,13,0,26
21-04-2020,Chhattisgarh,36,0,25,0,36
21-04-2020,Delhi,2080,1,431,47,2081
21-04-2020,Goa,6,1,7,0,7
21-04-2020,Gujarat,2065,1,131,77,2066
21-04-2020,Haryana,240,14,127,3,254
21-04-2020,Himachal Pradesh,39,0,16,1,39
21-04-2020,Jammu and Kashmir,368,0,71,5,368
21-04-2020,Jharkhand,46,0,0,2,46
21-04-2020,Karnataka,415,0,114,17,415
21-04-2020,Kerala,400,8,291,3,408
21-04-2020,Ladakh,18,0,14,0,18
21-04-2020,Madhya Pradesh,1540,0,127,76,1540
21-04-2020,Maharashtra,4666,3,572,232,4669
21-04-2020,Manipur,2,0,2,0,2
21-04-2020,Meghalaya,11,0,0,1,11
21-04-2020,Mizoram,1,0,0,0,1
21-04-2020,Nagaland,0,0,0,0,0
21-04-2020,Odisha,74,0,24,1,74
21-04-2020,Puducherry,7,0,3,0,7
21-04-2020,Punjab,245,0,39,16,245
21-04-2020,Rajasthan,1574,2,205,25,1576
21-04-2020,Tamil Nadu,1514,6,457,17,1520
21-04-2020,Telengana,909,10,190,23,919
21-04-2020,Tripura,2,0,1,0,2
21-04-2020,Uttar Pradesh,1293,1,140,20,1294
21-04-2020,Uttarakhand,45,1,18,0,46
21-04-2020,West Bengal,392,0,73,12,392
22-04-2020,Andaman and Nicobar Islands,17,0,11,0,17
22-04-2020,Andhra Pradesh,813,0,120,24,813
22-04-2020,Arunachal Pradesh,1,0,1,0,1
22-04-2020,Assam,35,0,19,1,35
22-04-2020,Bihar,126,0,46,2,126
22-04-2020,Chandigarh,27,0,14,0,27
22-04-2020,Chhattisgarh,36,0,26,0,36
22-04-2020,Delhi,2155,1,611,47,2156
22-04-2020,Goa,6,1,7,0,7
22-04-2020,Gujarat,2271,1,144,95,2272
22-04-2020,Haryana,240,14,127,3,254
22-04-2020,Himachal Pradesh,39,0,16,1,39
22-04-2020,Jammu and Kashmir,380,0,81,5,380
22-04-2020,Jharkhand#,45,0,0,3,45
22-04-2020,Karnataka,425,0,129,17,425
22-04-2020,Kerala,419,8,323,3,427
22-04-2020,Ladakh,18,0,14,0,18
22-04-2020,Madhya Pradesh,1592,0,148,80,1592
22-04-2020,Maharashtra,5218,3,722,251,5221
22-04-2020,Manipur,2,0,2,0,2
22-04-2020,Meghalaya,12,0,0,1,12
22-04-2020,Mizoram,1,0,0,0,1
22-04-2020,Odisha,82,0,30,1,82
22-04-2020,Puducherry,7,0,3,0,7
22-04-2020,Punjab,251,0,49,16,251
22-04-2020,Rajasthan,1799,2,230,25,1801
22-04-2020,Tamil Nadu,1590,6,635,18,1596
22-04-2020,Telengana,935,10,194,23,945
22-04-2020,Tripura,2,0,1,0,2
22-04-2020,Uttar Pradesh,1411,1,165,21,1412
22-04-2020,Uttarakhand,45,1,19,0,46
22-04-2020,West Bengal,423,0,73,15,423
23-04-2020,Andaman and Nicobar Islands,18,0,11,0,18
23-04-2020,Andhra Pradesh,895,0,141,27,895
23-04-2020,Arunachal Pradesh,1,0,1,0,1
23-04-2020,Assam,35,0,19,1,35
23-04-2020,Bihar,148,0,46,2,148
23-04-2020,Chandigarh,27,0,14,0,27
23-04-2020,Chhattisgarh,36,0,28,0,36
23-04-2020,Delhi,2247,1,724,48,2248
23-04-2020,Goa,6,1,7,0,7
23-04-2020,Gujarat,2406,1,179,103,2407
23-04-2020,Haryana,248,14,140,3,262
23-04-2020,Himachal Pradesh,40,0,18,1,40
23-04-2020,Jammu and Kashmir,407,0,92,5,407
23-04-2020,Jharkhand,49,0,8,3,49
23-04-2020,Karnataka,443,0,141,17,443
23-04-2020,Kerala,430,8,324,3,438
23-04-2020,Ladakh,18,0,14,0,18
23-04-2020,Madhya Pradesh,1695,0,148,81,1695
23-04-2020,Maharashtra,5649,3,789,269,5652
23-04-2020,Manipur,2,0,2,0,2
23-04-2020,Meghalaya,12,0,0,1,12
23-04-2020,Mizoram,1,0,0,0,1
23-04-2020,Odisha,83,0,32,1,83
23-04-2020,Puducherry,7,0,3,0,7
23-04-2020,Punjab,277,0,65,16,277
23-04-2020,Rajasthan,1888,2,230,27,1890
23-04-2020,Tamil Nadu,1623,6,662,18,1629
23-04-2020,Telengana,950,10,197,24,960
23-04-2020,Tripura,2,0,1,0,2
23-04-2020,Uttar Pradesh,1508,1,187,21,1509
23-04-2020,Uttarakhand,45,1,23,0,46
23-04-2020,West Bengal,456,0,79,15,456
24-04-2020,Andaman and Nicobar Islands,22,0,11,0,22
24-04-2020,Andhra Pradesh,955,0,145,29,955
24-04-2020,Arunachal Pradesh,1,0,1,0,1
24-04-2020,Assam,36,0,19,1,36
24-04-2020,Bihar,176,0,46,2,176
24-04-2020,Chandigarh,27,0,14,0,27
24-04-2020,Chhattisgarh,36,0,28,0,36
24-04-2020,Delhi,2375,1,808,50,2376
24-04-2020,Goa,6,1,7,0,7
24-04-2020,Gujarat,2623,1,258,112,2624
24-04-2020,Haryana,258,14,156,3,272
24-04-2020,Himachal Pradesh,40,0,18,1,40
24-04-2020,Jammu and Kashmir,427,0,92,5,427
24-04-2020,Jharkhand,55,0,8,3,55
24-04-2020,Karnataka,463,0,150,18,463
24-04-2020,Kerala,440,8,324,3,448
24-04-2020,Ladakh,18,0,14,0,18
24-04-2020,Madhya Pradesh,1852,0,203,83,1852
24-04-2020,Maharashtra,6427,3,840,283,6430
24-04-2020,Manipur,2,0,2,0,2
24-04-2020,Meghalaya,12,0,0,1,12
24-04-2020,Mizoram,1,0,0,0,1
24-04-2020,Odisha,90,0,33,1,90
24-04-2020,Puducherry,7,0,3,0,7
24-04-2020,Punjab,277,0,65,16,277
24-04-2020,Rajasthan,1962,2,230,27,1964
24-04-2020,Tamil Nadu,1677,6,752,20,1683
24-04-2020,Telengana,974,10,253,26,984
24-04-2020,Tripura,2,0,1,0,2
24-04-2020,Uttar Pradesh,1603,1,206,24,1604
24-04-2020,Uttarakhand,46,1,24,0,47
24-04-2020,West Bengal,514,0,103,15,514
25-04-2020,Andaman and Nicobar Islands,27,0,11,0,27
25-04-2020,Andhra Pradesh,1061,0,171,31,1061
25-04-2020,Arunachal Pradesh,1,0,1,0,1
25-04-2020,Assam,36,0,19,1,36
25-04-2020,Bihar,228,0,46,2,228
25-04-2020,Chandigarh,28,0,15,0,28
25-04-2020,Chhattisgarh,36,0,30,0,36
25-04-2020,Delhi,2513,1,857,53,2514
25-04-2020,Goa,6,1,7,0,7
25-04-2020,Gujarat,2814,1,265,127,2815
25-04-2020,Haryana,258,14,156,3,272
25-04-2020,Himachal Pradesh,40,0,18,1,40
25-04-2020,Jammu and Kashmir,454,0,109,5,454
25-04-2020,Jharkhand,59,0,9,3,59
25-04-2020,Karnataka,489,0,153,18,489
25-04-2020,Kerala,443,8,331,4,451
25-04-2020,Ladakh,20,0,14,0,20
25-04-2020,Madhya Pradesh,1952,0,210,92,1952
25-04-2020,Maharashtra,6814,3,957,301,6817
25-04-2020,Manipur,2,0,2,0,2
25-04-2020,Meghalaya,12,0,0,1,12
25-04-2020,Mizoram,1,0,0,0,1
25-04-2020,Odisha,94,0,33,1,94
25-04-2020,Puducherry,7,0,3,0,7
25-04-2020,Punjab,298,0,67,17,298
25-04-2020,Rajasthan,2032,2,230,27,2034
25-04-2020,Tamil Nadu,1749,6,866,22,1755
25-04-2020,Telengana,974,10,253,26,984
25-04-2020,Tripura,2,0,1,0,2
25-04-2020,Uttar Pradesh,1777,1,248,26,1778
25-04-2020,Uttarakhand,47,1,25,0,48
25-04-2020,West Bengal,571,0,103,18,571
26-04-2020,Andaman and Nicobar Islands,33,0,11,0,33
26-04-2020,Andhra Pradesh,1097,0,231,31,1097
26-04-2020,Arunachal Pradesh,1,0,1,0,1
26-04-2020,Assam,36,0,19,1,36
26-04-2020,Bihar,251,0,46,2,251
26-04-2020,Chandigarh,30,0,17,0,30
26-04-2020,Chhattisgarh,37,0,32,0,37
26-04-2020,Delhi,2624,1,869,54,2625
26-04-2020,Goa,6,1,7,0,7
26-04-2020,Gujarat,3070,1,282,133,3071
26-04-2020,Haryana,275,14,176,3,289
26-04-2020,Himachal Pradesh,40,0,22,1,40
26-04-2020,Jammu and Kashmir,494,0,112,6,494
26-04-2020,Jharkhand,67,0,13,3,67
26-04-2020,Karnataka,501,0,177,18,501
26-04-2020,Kerala,450,8,338,4,458
26-04-2020,Ladakh,20,0,14,0,20
26-04-2020,Madhya Pradesh,2096,0,210,99,2096
26-04-2020,Maharashtra,7625,3,1076,323,7628
26-04-2020,Manipur,2,0,2,0,2
26-04-2020,Meghalaya,12,0,0,1,12
26-04-2020,Mizoram,1,0,0,0,1
26-04-2020,Odisha,103,0,34,1,103
26-04-2020,Puducherry,7,0,3,0,7
26-04-2020,Punjab,298,0,67,17,298
26-04-2020,Rajasthan,2081,2,493,33,2083
26-04-2020,Tamil Nadu,1815,6,960,23,1821
26-04-2020,Telengana,981,10,280,26,991
26-04-2020,Tripura,2,0,2,0,2
26-04-2020,Uttar Pradesh,1842,1,289,29,1843
26-04-2020,Uttarakhand,49,1,26,0,50
26-04-2020,West Bengal,611,0,105,18,611
27-04-2020,Andaman and Nicobar Islands,33,0,11,0,33
27-04-2020,Andhra Pradesh,1177,0,235,31,1177
27-04-2020,Arunachal Pradesh,1,0,1,0,1
27-04-2020,Assam,36,0,27,1,36
27-04-2020,Bihar,277,0,56,2,277
27-04-2020,Chandigarh,30,0,17,0,30
27-04-2020,Chhattisgarh,37,0,32,0,37
27-04-2020,Delhi,2917,1,877,54,2918
27-04-2020,Goa,6,1,7,0,7
27-04-2020,Gujarat,3300,1,313,151,3301
27-04-2020,Haryana,275,14,176,3,289
27-04-2020,Himachal Pradesh,40,0,22,1,40
27-04-2020,Jammu and Kashmir,523,0,137,6,523
27-04-2020,Jharkhand,82,0,13,3,82
27-04-2020,Karnataka,511,0,188,20,511
27-04-2020,Kerala,461,8,342,4,469
27-04-2020,Ladakh,20,0,14,0,20
27-04-2020,Madhya Pradesh,2168,0,302,106,2168
27-04-2020,Maharashtra,8065,3,1188,342,8068
27-04-2020,Manipur,2,0,2,0,2
27-04-2020,Meghalaya,12,0,0,1,12
27-04-2020,Mizoram,1,0,0,0,1
27-04-2020,Odisha,108,0,35,1,108
27-04-2020,Puducherry,8,0,3,0,8
27-04-2020,Punjab,313,0,71,18,313
27-04-2020,Rajasthan,2183,2,518,41,2185
27-04-2020,Tamil Nadu,1879,6,1020,24,1885
27-04-2020,Telengana,992,10,280,26,1002
27-04-2020,Tripura,2,0,2,0,2
27-04-2020,Uttar Pradesh,1954,1,335,31,1955
27-04-2020,Uttarakhand,50,1,33,0,51
27-04-2020,West Bengal,649,0,105,20,649
28-04-2020,Andaman and Nicobar Islands,33,0,11,0,33
28-04-2020,Andhra Pradesh,1259,0,258,31,1259
28-04-2020,Arunachal Pradesh,1,0,1,0,1
28-04-2020,Assam,38,0,27,1,38
28-04-2020,Bihar,346,0,57,2,346
28-04-2020,Chandigarh,40,0,17,0,40
28-04-2020,Chhattisgarh,37,0,32,0,37
28-04-2020,Delhi,3107,1,877,54,3108
28-04-2020,Goa,6,1,7,0,7
28-04-2020,Gujarat,3547,1,394,162,3548
28-04-2020,Haryana,282,14,183,3,296
28-04-2020,Himachal Pradesh,40,0,22,1,40
28-04-2020,Jammu and Kashmir,546,0,164,7,546
28-04-2020,Jharkhand,103,0,17,3,103
28-04-2020,Karnataka,520,0,198,20,520
28-04-2020,Kerala,474,8,355,4,482
28-04-2020,Ladakh,22,0,16,0,22
28-04-2020,Madhya Pradesh,2368,0,361,113,2368
28-04-2020,Maharashtra,8587,3,1282,369,8590
28-04-2020,Manipur,2,0,2,0,2
28-04-2020,Meghalaya,12,0,0,1,12
28-04-2020,Mizoram,1,0,0,0,1
28-04-2020,Odisha,118,0,37,1,118
28-04-2020,Puducherry,8,0,3,0,8
28-04-2020,Punjab,313,0,71,18,313
28-04-2020,Rajasthan,2260,2,669,46,2262
28-04-2020,Tamil Nadu,1931,6,1101,24,1937
28-04-2020,Telengana,994,10,321,26,1004
28-04-2020,Tripura,2,0,2,0,2
28-04-2020,Uttar Pradesh,2042,1,400,31,2043
28-04-2020,Uttarakhand,50,1,33,0,51
28-04-2020,West Bengal,697,0,109,20,697
29-04-2020,Andaman and Nicobar Islands,33,0,15,0,33
29-04-2020,Andhra Pradesh,1332,0,287,31,1332
29-04-2020,Arunachal Pradesh,1,0,1,0,1
29-04-2020,Assam,38,0,27,1,38
29-04-2020,Bihar,383,0,64,2,383
29-04-2020,Chandigarh,56,0,17,0,56
29-04-2020,Chhattisgarh,38,0,34,0,38
29-04-2020,Delhi,3313,1,1078,54,3314
29-04-2020,Goa,6,1,7,0,7
29-04-2020,Gujarat,3773,1,434,181,3774
29-04-2020,Haryana,296,14,209,3,310
29-04-2020,Himachal Pradesh,40,0,25,1,40
29-04-2020,Jammu and Kashmir,565,0,176,8,565
29-04-2020,Jharkhand,105,0,19,3,105
29-04-2020,Karnataka,532,0,215,20,532
29-04-2020,Kerala,478,8,359,4,486
29-04-2020,Ladakh,22,0,16,0,22
29-04-2020,Madhya Pradesh#,2561,0,377,119,2561
29-04-2020,Maharashtra,9315,3,1388,400,9318
29-04-2020,Manipur,2,0,2,0,2
29-04-2020,Meghalaya,12,0,0,1,12
29-04-2020,Mizoram,1,0,0,0,1
29-04-2020,Odisha,119,0,38,1,119
29-04-2020,Puducherry,8,0,3,0,8
29-04-2020,Punjab,322,0,71,19,322
29-04-2020,Rajasthan,2362,2,768,51,2364
29-04-2020,Tamil Nadu,2052,6,1168,25,2058
29-04-2020,Telengana,1002,10,367,26,1012
29-04-2020,Tripura,2,0,2,0,2
29-04-2020,Uttar Pradesh,2114,1,477,36,2115
29-04-2020,Uttarakhand,53,1,34,0,54
29-04-2020,West Bengal,725,0,119,22,725
30-04-2020,Andaman and Nicobar Islands,33,0,15,0,33
30-04-2020,Andhra Pradesh,1403,0,321,31,1403
30-04-2020,Arunachal Pradesh,1,0,1,0,1
30-04-2020,Assam,42,0,29,1,42
30-04-2020,Bihar,403,0,65,2,403
30-04-2020,Chandigarh,56,0,17,0,56
30-04-2020,Chhattisgarh,38,0,36,0,38
30-04-2020,Delhi,3438,1,1092,56,3439
30-04-2020,Goa,6,1,7,0,7
30-04-2020,Gujarat,4081,1,527,197,4082
30-04-2020,Haryana,296,14,209,3,310
30-04-2020,Himachal Pradesh,40,0,25,1,40
30-04-2020,Jammu and Kashmir,581,0,192,8,581
30-04-2020,Jharkhand,107,0,19,3,107
30-04-2020,Karnataka,557,0,223,21,557
30-04-2020,Kerala,488,8,369,4,496
30-04-2020,Ladakh,22,0,16,0,22
30-04-2020,Madhya Pradesh,2660,0,461,130,2660
30-04-2020,Maharashtra,9912,3,1593,432,9915
30-04-2020,Manipur,2,0,2,0,2
30-04-2020,Meghalaya,12,0,0,1,12
30-04-2020,Mizoram,1,0,0,0,1
30-04-2020,Odisha,128,0,39,1,128
30-04-2020,Puducherry,8,0,5,0,8
30-04-2020,Punjab,357,0,90,19,357
30-04-2020,Rajasthan,2436,2,768,51,2438
30-04-2020,Tamil Nadu,2156,6,1210,27,2162
30-04-2020,Telengana,1002,10,367,26,1012
30-04-2020,Tripura,2,0,2,0,2
30-04-2020,Uttar Pradesh,2202,1,513,39,2203
30-04-2020,Uttarakhand,54,1,36,0,55
30-04-2020,West Bengal,758,0,124,22,758
01-05-2020,Andaman and Nicobar Islands,33,0,16,0,33
01-05-2020,Andhra Pradesh,1463,0,403,33,1463
01-05-2020,Arunachal Pradesh,1,0,1,0,1
01-05-2020,Assam,42,0,29,1,42
01-05-2020,Bihar,426,0,82,2,426
01-05-2020,Chandigarh,56,0,17,0,56
01-05-2020,Chhattisgarh,40,0,36,0,40
01-05-2020,Delhi,3514,1,1094,59,3515
01-05-2020,Goa,6,1,7,0,7
01-05-2020,Gujarat,4394,1,613,214,4395
01-05-2020,Haryana,299,14,209,3,313
01-05-2020,Himachal Pradesh,40,0,28,1,40
01-05-2020,Jammu and Kashmir,614,0,216,8,614
01-05-2020,Jharkhand,111,0,20,3,111
01-05-2020,Karnataka,576,0,235,22,576
01-05-2020,Kerala,489,8,383,4,497
01-05-2020,Ladakh,22,0,16,0,22
01-05-2020,Madhya Pradesh,2719,0,482,137,2719
01-05-2020,Maharashtra,10495,3,1773,459,10498
01-05-2020,Manipur,2,0,2,0,2
01-05-2020,Meghalaya,12,0,0,1,12
01-05-2020,Mizoram,1,0,0,0,1
01-05-2020,Odisha,143,0,41,1,143
01-05-2020,Puducherry,8,0,5,0,8
01-05-2020,Punjab,357,0,90,19,357
01-05-2020,Rajasthan,2582,2,836,58,2584
01-05-2020,Tamil Nadu,2317,6,1258,27,2323
01-05-2020,Telengana,1029,10,441,26,1039
01-05-2020,Tripura,2,0,2,0,2
01-05-2020,Uttar Pradesh,2280,1,555,41,2281
01-05-2020,Uttarakhand,56,1,36,0,57
01-05-2020,West Bengal,795,0,139,33,795
02-05-2020,Andaman and Nicobar Islands,33,0,16,0,33
02-05-2020,Andhra Pradesh,1525,0,441,33,1525
02-05-2020,Arunachal Pradesh,1,0,1,0,1
02-05-2020,Assam,43,0,32,1,43
02-05-2020,Bihar,471,0,98,3,471
02-05-2020,Chandigarh,88,0,17,0,88
02-05-2020,Chhattisgarh,43,0,36,0,43
02-05-2020,Delhi,3737,1,1167,61,3738
02-05-2020,Goa,6,1,7,0,7
02-05-2020,Gujarat,4720,1,735,236,4721
02-05-2020,Haryana,346,14,227,4,360
02-05-2020,Himachal Pradesh,40,0,30,1,40
02-05-2020,Jammu and Kashmir,639,0,247,8,639
02-05-2020,Jharkhand,111,0,20,3,111
02-05-2020,Karnataka,598,0,255,25,598
02-05-2020,Kerala,490,8,392,4,498
02-05-2020,Ladakh,22,0,17,0,22
02-05-2020,Madhya Pradesh,2719,0,524,145,2719
02-05-2020,Maharashtra,11503,3,1879,485,11506
02-05-2020,Manipur,2,0,2,0,2
02-05-2020,Meghalaya,12,0,0,1,12
02-05-2020,Mizoram,1,0,0,0,1
02-05-2020,Odisha,154,0,55,1,154
02-05-2020,Puducherry,8,0,5,0,8
02-05-2020,Punjab,772,0,112,20,772
02-05-2020,Rajasthan,2664,2,1116,62,2666
02-05-2020,Tamil Nadu,2520,6,1312,28,2526
02-05-2020,Telengana,1047,10,441,26,1057
02-05-2020,Tripura,2,0,2,0,2
02-05-2020,Uttar Pradesh,2454,1,656,43,2455
02-05-2020,Uttarakhand,57,1,37,0,58
02-05-2020,West Bengal,795,0,139,33,795
03-05-2020,Andaman and Nicobar Islands,33,0,17,0,33
03-05-2020,Andhra Pradesh,1583,0,488,33,1583
03-05-2020,Arunachal Pradesh,1,0,1,0,1
03-05-2020,Assam,43,0,32,1,43
03-05-2020,Bihar,482,0,117,4,482
03-05-2020,Chandigarh,94,0,19,0,94
03-05-2020,Chhattisgarh,43,0,36,0,43
03-05-2020,Delhi,4121,1,1256,64,4122
03-05-2020,Goa,6,1,7,0,7
03-05-2020,Gujarat,5054,1,896,262,5055
03-05-2020,Haryana,380,14,227,4,394
03-05-2020,Himachal Pradesh,40,0,33,1,40
03-05-2020,Jammu and Kashmir,666,0,254,8,666
03-05-2020,Jharkhand,115,0,22,3,115
03-05-2020,Karnataka,606,0,282,25,606
03-05-2020,Kerala,492,8,400,4,500
03-05-2020,Ladakh,40,0,17,0,40
03-05-2020,Madhya Pradesh,2846,0,798,156,2846
03-05-2020,Maharashtra,12293,3,2000,521,12296
03-05-2020,Manipur,2,0,2,0,2
03-05-2020,Meghalaya,12,0,0,1,12
03-05-2020,Mizoram,1,0,0,0,1
03-05-2020,Odisha,160,0,56,1,160
03-05-2020,Puducherry,8,0,5,0,8
03-05-2020,Punjab,772,0,112,20,772
03-05-2020,Rajasthan,2770,2,1121,65,2772
03-05-2020,Tamil Nadu,2751,6,1341,29,2757
03-05-2020,Telengana,1053,10,458,28,1063
03-05-2020,Tripura,4,0,2,0,4
03-05-2020,Uttar Pradesh,2625,1,698,43,2626
03-05-2020,Uttarakhand,58,1,39,0,59
03-05-2020,West Bengal,922,0,151,33,922
04-05-2020,Andaman and Nicobar Islands,33,0,32,0,33
04-05-2020,Andhra Pradesh,1650,0,524,36,1650
04-05-2020,Arunachal Pradesh,1,0,1,0,1
04-05-2020,Assam,43,0,32,1,43
04-05-2020,Bihar,517,0,125,4,517
04-05-2020,Chandigarh,94,0,19,0,94
04-05-2020,Chhattisgarh,57,0,36,0,57
04-05-2020,Delhi,4548,1,1362,64,4549
04-05-2020,Goa,6,1,7,0,7
04-05-2020,Gujarat,5427,1,1042,290,5428
04-05-2020,Haryana,428,14,245,5,442
04-05-2020,Himachal Pradesh,40,0,34,1,40
04-05-2020,Jammu and Kashmir,701,0,287,8,701
04-05-2020,Jharkhand,115,0,22,3,115
04-05-2020,Karnataka,642,0,304,26,642
04-05-2020,Kerala,492,8,401,4,500
04-05-2020,Ladakh,41,0,17,0,41
04-05-2020,Madhya Pradesh,2942,0,798,165,2942
04-05-2020,Maharashtra,12971,3,2115,548,12974
04-05-2020,Manipur,2,0,2,0,2
04-05-2020,Meghalaya,12,0,0,1,12
04-05-2020,Mizoram,1,0,0,0,1
04-05-2020,Odisha,163,0,60,1,163
04-05-2020,Puducherry,8,0,5,0,8
04-05-2020,Punjab,1102,0,117,21,1102
04-05-2020,Rajasthan,2884,2,1356,71,2886
04-05-2020,Tamil Nadu,3017,6,1379,30,3023
04-05-2020,Telengana,1072,10,490,29,1082
04-05-2020,Tripura,16,0,2,0,16
04-05-2020,Uttar Pradesh,2741,1,758,45,2742
04-05-2020,Uttarakhand,59,1,39,1,60
04-05-2020,West Bengal,963,0,151,35,963
05-05-2020,Andaman and Nicobar Islands,33,0,32,0,33
05-05-2020,Andhra Pradesh,1717,0,589,36,1717
05-05-2020,Arunachal Pradesh,1,0,1,0,1
05-05-2020,Assam,43,0,32,1,43
05-05-2020,Bihar,529,0,130,4,529
05-05-2020,Chandigarh,102,0,21,1,102
05-05-2020,Chhattisgarh,58,0,36,0,58
05-05-2020,Delhi,4897,1,1431,64,4898
05-05-2020,Goa,6,1,7,0,7
05-05-2020,Gujarat,5803,1,1195,319,5804
05-05-2020,Haryana,503,14,254,6,517
05-05-2020,Himachal Pradesh,41,0,38,1,41
05-05-2020,Jammu and Kashmir,726,0,303,8,726
05-05-2020,Jharkhand,115,0,27,3,115
05-05-2020,Karnataka,659,0,324,28,659
05-05-2020,Kerala,492,8,462,4,500
05-05-2020,Ladakh,41,0,17,0,41
05-05-2020,Madhya Pradesh,3049,0,1000,176,3049
05-05-2020,Maharashtra,14538,3,2465,583,14541
05-05-2020,Manipur,2,0,2,0,2
05-05-2020,Meghalaya,12,0,10,1,12
05-05-2020,Mizoram,1,0,0,0,1
05-05-2020,Odisha,170,0,60,1,170
05-05-2020,Puducherry,9,0,6,0,9
05-05-2020,Punjab,1233,0,128,23,1233
05-05-2020,Rajasthan,3059,2,1394,77,3061
05-05-2020,Tamil Nadu,3544,6,1409,31,3550
05-05-2020,Telengana,1075,10,585,29,1085
05-05-2020,Tripura,29,0,2,0,29
05-05-2020,Uttar Pradesh,2858,1,944,53,2859
05-05-2020,Uttarakhand,59,1,39,1,60
05-05-2020,West Bengal,1259,0,218,133,1259
06-05-2020,Andaman and Nicobar Islands,33,0,32,0,33
06-05-2020,Andhra Pradesh,1717,0,589,36,1717
06-05-2020,Arunachal Pradesh,1,0,1,0,1
06-05-2020,Assam,43,0,32,1,43
06-05-2020,Bihar,536,0,142,4,536
06-05-2020,Chandigarh,111,0,21,1,111
06-05-2020,Chhattisgarh,59,0,36,0,59
06-05-2020,Dadar Nagar Haveli,1,0,0,0,1
06-05-2020,Delhi,5103,1,1468,64,5104
06-05-2020,Goa,6,1,7,0,7
06-05-2020,Gujarat,6244,1,1381,368,6245
06-05-2020,Haryana,534,14,256,6,548
06-05-2020,Himachal Pradesh,42,0,38,2,42
06-05-2020,Jammu and Kashmir,741,0,320,8,741
06-05-2020,Jharkhand,125,0,33,3,125
06-05-2020,Karnataka,671,0,331,29,671
06-05-2020,Kerala,494,8,462,4,502
06-05-2020,Ladakh,41,0,17,0,41
06-05-2020,Madhya Pradesh,3049,0,1000,176,3049
06-05-2020,Maharashtra,15522,3,2819,617,15525
06-05-2020,Manipur,2,0,2,0,2
06-05-2020,Meghalaya,12,0,10,1,12
06-05-2020,Mizoram,1,0,0,0,1
06-05-2020,Odisha,175,0,60,1,175
06-05-2020,Puducherry,9,0,6,0,9
06-05-2020,Punjab,1451,0,133,25,1451
06-05-2020,Rajasthan,3156,2,1525,89,3158
06-05-2020,Tamil Nadu,4052,6,1485,33,4058
06-05-2020,Telengana,1086,10,585,29,1096
06-05-2020,Tripura,43,0,2,0,43
06-05-2020,Uttar Pradesh,2879,1,987,56,2880
06-05-2020,Uttarakhand,60,1,39,1,61
06-05-2020,West Bengal,1344,0,364,140,1344
07-05-2020,Andaman and Nicobar Islands,33,0,32,0,33
07-05-2020,Andhra Pradesh,1777,0,729,36,1777
07-05-2020,Arunachal Pradesh,1,0,1,0,1
07-05-2020,Assam,45,0,32,1,45
07-05-2020,Bihar,542,0,188,4,542
07-05-2020,Chandigarh,120,0,21,1,120
07-05-2020,Chhattisgarh,59,0,36,0,59
07-05-2020,Dadar Nagar Haveli,1,0,0,0,1
07-05-2020,Delhi,5531,1,1542,65,5532
07-05-2020,Goa,6,1,7,0,7
07-05-2020,Gujarat,6624,1,1500,396,6625
07-05-2020,Haryana,580,14,260,7,594
07-05-2020,Himachal Pradesh,45,0,38,2,45
07-05-2020,Jammu and Kashmir,775,0,322,8,775
07-05-2020,Jharkhand,127,0,37,3,127
07-05-2020,Karnataka,693,0,354,29,693
07-05-2020,Kerala,495,8,469,4,503
07-05-2020,Ladakh,41,0,17,0,41
07-05-2020,Madhya Pradesh,3138,0,1099,185,3138
07-05-2020,Maharashtra,16755,3,3094,651,16758
07-05-2020,Manipur,2,0,2,0,2
07-05-2020,Meghalaya,12,0,10,1,12
07-05-2020,Mizoram,1,0,0,0,1
07-05-2020,Odisha,185,0,61,2,185
07-05-2020,Puducherry,9,0,6,0,9
07-05-2020,Punjab,1516,0,135,27,1516
07-05-2020,Rajasthan,3315,2,1596,92,3317
07-05-2020,Tamil Nadu,4823,6,1516,35,4829
07-05-2020,Telengana,1097,10,628,29,1107
07-05-2020,Tripura,43,0,2,0,43
07-05-2020,Uttar Pradesh,2997,1,1130,60,2998
07-05-2020,Uttarakhand,60,1,39,1,61
07-05-2020,West Bengal,1456,0,364,144,1456
08-05-2020,Andaman and Nicobar Islands,33,0,33,0,33
08-05-2020,Andhra Pradesh,1847,0,780,38,1847
08-05-2020,Arunachal Pradesh,1,0,1,0,1
08-05-2020,Assam,54,0,34,1,54
08-05-2020,Bihar,550,0,246,5,550
08-05-2020,Chandigarh,135,0,21,1,135
08-05-2020,Chhattisgarh,59,0,38,0,59
08-05-2020,Dadar Nagar Haveli,1,0,0,0,1
08-05-2020,Delhi,5979,1,1931,66,5980
08-05-2020,Goa,6,1,7,0,7
08-05-2020,Gujarat,7011,1,1709,425,7012
08-05-2020,Haryana,611,14,260,7,625
08-05-2020,Himachal Pradesh,46,0,38,2,46
08-05-2020,Jammu and Kashmir,793,0,335,9,793
08-05-2020,Jharkhand,132,0,41,3,132
08-05-2020,Karnataka,705,0,366,30,705
08-05-2020,Kerala,495,8,474,4,503
08-05-2020,Ladakh,42,0,17,0,42
08-05-2020,Madhya Pradesh,3252,0,1231,193,3252
08-05-2020,Maharashtra,17971,3,3301,694,17974
08-05-2020,Manipur,2,0,2,0,2
08-05-2020,Meghalaya,12,0,10,1,12
08-05-2020,Mizoram,1,0,0,0,1
08-05-2020,Odisha,219,0,62,2,219
08-05-2020,Puducherry,9,0,6,0,9
08-05-2020,Punjab,1644,0,149,28,1644
08-05-2020,Rajasthan,3425,2,1596,97,3427
08-05-2020,Tamil Nadu,5403,6,1547,37,5409
08-05-2020,Telengana,1113,10,650,29,1123
08-05-2020,Tripura,65,0,2,0,65
08-05-2020,Uttar Pradesh,3070,1,1250,62,3071
08-05-2020,Uttarakhand,60,1,39,1,61
08-05-2020,West Bengal,1548,0,364,151,1548
09-05-2020,Andaman and Nicobar Islands,33,0,33,0,33
09-05-2020,Andhra Pradesh,1887,0,842,41,1887
09-05-2020,Arunachal Pradesh,1,0,1,0,1
09-05-2020,Assam,59,0,34,1,59
09-05-2020,Bihar,571,0,297,5,571
09-05-2020,Chandigarh,150,0,21,1,150
09-05-2020,Chhattisgarh,59,0,38,0,59
09-05-2020,Dadar Nagar Haveli,1,0,0,0,1
09-05-2020,Delhi,6317,1,2020,68,6318
09-05-2020,Goa,6,1,7,0,7
09-05-2020,Gujarat,7401,1,1872,449,7402
09-05-2020,Haryana,633,14,279,8,647
09-05-2020,Himachal Pradesh,50,0,38,2,50
09-05-2020,Jammu and Kashmir,823,0,364,9,823
09-05-2020,Jharkhand,132,0,52,3,132
09-05-2020,Karnataka,753,0,376,30,753
09-05-2020,Kerala,495,8,484,4,503
09-05-2020,Ladakh,42,0,17,0,42
09-05-2020,Madhya Pradesh,3341,0,1349,200,3341
09-05-2020,Maharashtra,19060,3,3470,731,19063
09-05-2020,Manipur,2,0,2,0,2
09-05-2020,Meghalaya,12,0,10,1,12
09-05-2020,Mizoram,1,0,0,0,1
09-05-2020,Odisha,271,0,63,2,271
09-05-2020,Puducherry,9,0,6,0,9
09-05-2020,Punjab,1731,0,152,29,1731
09-05-2020,Rajasthan,3577,2,1916,101,3579
09-05-2020,Tamil Nadu,6003,6,1605,40,6009
09-05-2020,Telengana,1123,10,700,29,1133
09-05-2020,Tripura,118,0,2,0,118
09-05-2020,Uttar Pradesh,3213,1,1387,66,3214
09-05-2020,Uttarakhand,62,1,46,1,63
09-05-2020,West Bengal,1678,0,364,160,1678
10-05-2020,Andaman and Nicobar Islands,33,0,33,0,33
10-05-2020,Andhra Pradesh,1930,0,887,44,1930
10-05-2020,Arunachal Pradesh,1,0,1,0,1
10-05-2020,Assam,63,0,34,2,63
10-05-2020,Bihar,591,0,322,5,591
10-05-2020,Chandigarh,169,0,24,2,169
10-05-2020,Chhattisgarh,59,0,43,0,59
10-05-2020,Dadar Nagar Haveli,1,0,0,0,1
10-05-2020,Delhi,6541,1,2020,73,6542
10-05-2020,Goa,6,1,7,0,7
10-05-2020,Gujarat,7795,1,2091,472,7796
10-05-2020,Haryana,661,14,290,9,675
10-05-2020,Himachal Pradesh,50,0,38,2,50
10-05-2020,Jammu and Kashmir,836,0,368,9,836
10-05-2020,Jharkhand,156,0,78,3,156
10-05-2020,Karnataka,794,0,386,30,794
10-05-2020,Kerala,497,8,485,4,505
10-05-2020,Ladakh,42,0,17,0,42
10-05-2020,Madhya Pradesh,3614,0,1676,215,3614
10-05-2020,Maharashtra,20225,3,3800,779,20228
10-05-2020,Manipur,2,0,2,0,2
10-05-2020,Meghalaya,13,0,10,1,13
10-05-2020,Mizoram,1,0,1,0,1
10-05-2020,Odisha,294,0,63,2,294
10-05-2020,Puducherry,9,0,6,0,9
10-05-2020,Punjab,1762,0,157,31,1762
10-05-2020,Rajasthan,3706,2,2026,106,3708
10-05-2020,Tamil Nadu,6529,6,1824,44,6535
10-05-2020,Telengana,1153,10,750,30,1163
10-05-2020,Tripura,134,0,2,0,134
10-05-2020,Uttar Pradesh,3372,1,1499,74,3373
10-05-2020,Uttarakhand,66,1,46,1,67
10-05-2020,West Bengal,1786,0,372,171,1786
11-05-2020,Andaman and Nicobar Islands,33,0,33,0,33
11-05-2020,Andhra Pradesh,1980,0,925,45,1980
11-05-2020,Arunachal Pradesh,1,0,1,0,1
11-05-2020,Assam,63,0,34,2,63
11-05-2020,Bihar,696,0,365,6,696
11-05-2020,Chandigarh,169,0,24,2,169
11-05-2020,Chhattisgarh,59,0,49,0,59
11-05-2020,Dadar Nagar Haveli,1,0,0,0,1
11-05-2020,Delhi,6922,1,2069,73,6923
11-05-2020,Goa,6,1,7,0,7
11-05-2020,Gujarat,8193,1,2545,493,8194
11-05-2020,Haryana,689,14,300,10,703
11-05-2020,Himachal Pradesh,55,0,39,2,55
11-05-2020,Jammu and Kashmir,861,0,383,9,861
11-05-2020,Jharkhand,157,0,78,3,157
11-05-2020,Karnataka,848,0,424,31,848
11-05-2020,Kerala,504,8,489,4,512
11-05-2020,Ladakh,42,0,21,0,42
11-05-2020,Madhya Pradesh,3614,0,1676,215,3614
11-05-2020,Maharashtra,22168,3,4199,832,22171
11-05-2020,Manipur,2,0,2,0,2
11-05-2020,Meghalaya,13,0,10,1,13
11-05-2020,Mizoram,1,0,1,0,1
11-05-2020,Odisha,377,0,68,3,377
11-05-2020,Puducherry,9,0,6,0,9
11-05-2020,Punjab,1823,0,166,31,1823
11-05-2020,Rajasthan,3812,2,2176,107,3814
11-05-2020,Tamil Nadu,7198,6,1959,47,7204
11-05-2020,Telengana,1186,10,750,30,1196
11-05-2020,Tripura,150,0,2,0,150
11-05-2020,Uttar Pradesh,3466,1,1653,74,3467
11-05-2020,Uttarakhand,67,1,46,1,68
11-05-2020,West Bengal,1939,0,417,185,1939
12-05-2020,Andaman and Nicobar Islands,33,0,33,0,33
12-05-2020,Andhra Pradesh,2018,0,975,45,2018
12-05-2020,Arunachal Pradesh,1,0,1,0,1
12-05-2020,Assam,65,0,34,2,65
12-05-2020,Bihar,747,0,377,6,747
12-05-2020,Chandigarh,174,0,24,2,174
12-05-2020,Chhattisgarh,59,0,53,0,59
12-05-2020,Dadar Nagar Haveli,1,0,0,0,1
12-05-2020,Delhi,7232,1,2129,73,7233
12-05-2020,Goa,6,1,7,0,7
12-05-2020,Gujarat,8540,1,2780,513,8541
12-05-2020,Haryana,716,14,337,11,730
12-05-2020,Himachal Pradesh,59,0,39,2,59
12-05-2020,Jammu and Kashmir,879,0,427,10,879
12-05-2020,Jharkhand,160,0,78,3,160
12-05-2020,Karnataka,862,0,426,31,862
12-05-2020,Kerala,511,8,489,4,519
12-05-2020,Ladakh,42,0,21,0,42
12-05-2020,Madhya Pradesh,3785,0,1747,221,3785
12-05-2020,Maharashtra,23398,3,4786,868,23401
12-05-2020,Manipur,2,0,2,0,2
12-05-2020,Meghalaya,13,0,10,1,13
12-05-2020,Mizoram,1,0,1,0,1
12-05-2020,Odisha,414,0,85,3,414
12-05-2020,Puducherry,12,0,6,0,12
12-05-2020,Punjab,1877,0,168,31,1877
12-05-2020,Rajasthan,3986,2,2264,113,3988
12-05-2020,Tamil Nadu,7996,6,2051,53,8002
12-05-2020,Telengana,1265,10,800,30,1275
12-05-2020,Tripura,152,0,2,0,152
12-05-2020,Uttar Pradesh,3572,1,1758,80,3573
12-05-2020,Uttarakhand,67,1,46,1,68
12-05-2020,West Bengal,2063,0,499,190,2063
13-05-2020,Andaman and Nicobar Islands,33,0,33,0,33
13-05-2020,Andhra Pradesh,2090,0,1056,46,2090
13-05-2020,Arunachal Pradesh,1,0,1,0,1
13-05-2020,Assam,65,0,39,2,65
13-05-2020,Bihar,831,0,383,6,831
13-05-2020,Chandigarh,187,0,28,3,187
13-05-2020,Chhattisgarh,59,0,54,0,59
13-05-2020,Dadar Nagar Haveli,1,0,0,0,1
13-05-2020,Delhi,7638,1,2512,86,7639
13-05-2020,Goa,6,1,7,0,7
13-05-2020,Gujarat,8902,1,3246,537,8903
13-05-2020,Haryana,766,14,342,11,780
13-05-2020,Himachal Pradesh,65,0,39,2,65
13-05-2020,Jammu and Kashmir,934,0,455,10,934
13-05-2020,Jharkhand,172,0,79,3,172
13-05-2020,Karnataka,925,0,433,31,925
13-05-2020,Kerala,516,8,489,4,524
13-05-2020,Ladakh,42,0,21,0,42
13-05-2020,Madhya Pradesh,3986,0,1860,225,3986
13-05-2020,Maharashtra,24424,3,5125,921,24427
13-05-2020,Manipur,2,0,2,0,2
13-05-2020,Meghalaya,13,0,10,1,13
13-05-2020,Mizoram,1,0,1,0,1
13-05-2020,Odisha,437,0,116,3,437
13-05-2020,Puducherry,13,0,9,1,13
13-05-2020,Punjab,1914,0,171,32,1914
13-05-2020,Rajasthan,4124,2,2378,117,4126
13-05-2020,Tamil Nadu,8712,6,2134,61,8718
13-05-2020,Telengana,1316,10,830,32,1326
13-05-2020,Tripura,154,0,2,0,154
13-05-2020,Uttar Pradesh,3663,1,1873,82,3664
13-05-2020,Uttarakhand,68,1,46,1,69
13-05-2020,West Bengal,2173,0,612,198,2173
14-05-2020,Andaman and Nicobar Islands,33,0,33,0,33
14-05-2020,Andhra Pradesh,2137,0,1142,47,2137
14-05-2020,Arunachal Pradesh,1,0,1,0,1
14-05-2020,Assam,80,0,39,2,80
14-05-2020,Bihar,940,0,388,7,940
14-05-2020,Chandigarh,187,0,28,3,187
14-05-2020,Chhattisgarh,59,0,55,0,59
14-05-2020,Dadar Nagar Haveli,1,0,0,0,1
14-05-2020,Delhi,7997,1,2858,106,7998
14-05-2020,Goa,6,1,7,0,7
14-05-2020,Gujarat,9266,1,3562,566,9267
14-05-2020,Haryana,779,14,418,11,793
14-05-2020,Himachal Pradesh,66,0,39,2,66
14-05-2020,Jammu and Kashmir,971,0,466,11,971
14-05-2020,Jharkhand,173,0,79,3,173
14-05-2020,Karnataka,959,0,451,33,959
14-05-2020,Kerala,526,8,490,4,534
14-05-2020,Ladakh,43,0,22,0,43
14-05-2020,Madhya Pradesh,4173,0,2004,232,4173
14-05-2020,Maharashtra,25919,3,5547,975,25922
14-05-2020,Manipur,2,0,2,0,2
14-05-2020,Meghalaya,13,0,10,1,13
14-05-2020,Mizoram,1,0,1,0,1
14-05-2020,Odisha,538,0,143,3,538
14-05-2020,Puducherry,13,0,9,1,13
14-05-2020,Punjab,1924,0,200,32,1924
14-05-2020,Rajasthan,4326,2,2459,121,4328
14-05-2020,Tamil Nadu,9221,6,2176,64,9227
14-05-2020,Telengana,1357,10,940,34,1367
14-05-2020,Tripura,155,0,16,0,155
14-05-2020,Uttar Pradesh,3728,1,1902,83,3729
14-05-2020,Uttarakhand,71,1,46,1,72
14-05-2020,West Bengal,2290,0,702,207,2290
15-05-2020,Andaman and Nicobar Islands,33,0,33,0,33
15-05-2020,Andhra Pradesh,2205,0,1192,48,2205
15-05-2020,Arunachal Pradesh,1,0,1,0,1
15-05-2020,Assam,87,0,39,2,87
15-05-2020,Bihar,994,0,411,7,994
15-05-2020,Chandigarh,191,0,37,3,191
15-05-2020,Chhattisgarh,60,0,56,0,60
15-05-2020,Dadar Nagar Haveli,1,0,0,0,1
15-05-2020,Delhi,8469,1,3045,115,8470
15-05-2020,Goa,13,1,7,0,14
15-05-2020,Gujarat,9590,1,3753,586,9591
15-05-2020,Haryana,804,14,439,11,818
15-05-2020,Himachal Pradesh,74,0,39,2,74
15-05-2020,Jammu and Kashmir,983,0,485,11,983
15-05-2020,Jharkhand,197,0,87,3,197
15-05-2020,Karnataka,987,0,460,35,987
15-05-2020,Kerala,552,8,491,4,560
15-05-2020,Ladakh,43,0,22,0,43
15-05-2020,Madhya Pradesh,4426,0,2171,237,4426
15-05-2020,Maharashtra,27521,3,6059,1019,27524
15-05-2020,Manipur,3,0,2,0,3
15-05-2020,Meghalaya,13,0,11,1,13
15-05-2020,Mizoram,1,0,1,0,1
15-05-2020,Odisha,611,0,158,3,611
15-05-2020,Puducherry,13,0,9,1,13
15-05-2020,Punjab,1935,0,223,32,1935
15-05-2020,Rajasthan,4532,2,2580,125,4534
15-05-2020,Tamil Nadu,9668,6,2240,66,9674
15-05-2020,Telengana,1404,10,950,34,1414
15-05-2020,Tripura,156,0,29,0,156
15-05-2020,Uttar Pradesh,3901,1,2072,88,3902
15-05-2020,Uttarakhand,77,1,50,1,78
15-05-2020,West Bengal,2377,0,768,215,2377
16-05-2020,Andaman and Nicobar Islands,33,0,33,0,33
16-05-2020,Andhra Pradesh,2307,0,1252,48,2307
16-05-2020,Arunachal Pradesh,1,0,1,0,1
16-05-2020,Assam,90,0,41,2,90
16-05-2020,Bihar,1018,0,438,7,1018
16-05-2020,Chandigarh,191,0,37,3,191
16-05-2020,Chhattisgarh,66,0,56,0,66
16-05-2020,Dadar Nagar Haveli,1,0,0,0,1
16-05-2020,Delhi,8894,1,3518,123,8895
16-05-2020,Goa,14,1,7,0,15
16-05-2020,Gujarat,9930,1,4035,606,9931
16-05-2020,Haryana,804,14,439,11,818
16-05-2020,Himachal Pradesh,76,0,39,3,76
16-05-2020,Jammu and Kashmir,1013,0,513,11,1013
16-05-2020,Jharkhand,203,0,87,3,203
16-05-2020,Karnataka,1056,0,480,36,1056
16-05-2020,Kerala,568,8,492,4,576
16-05-2020,Ladakh,43,0,22,0,43
16-05-2020,Madhya Pradesh,4595,0,2283,239,4595
16-05-2020,Maharashtra,29097,3,6564,1068,29100
16-05-2020,Manipur,3,0,2,0,3
16-05-2020,Meghalaya,13,0,11,1,13
16-05-2020,Mizoram,1,0,1,0,1
16-05-2020,Odisha,672,0,166,3,672
16-05-2020,Puducherry,13,0,9,1,13
16-05-2020,Punjab,1935,0,305,32,1935
16-05-2020,Rajasthan,4725,2,2677,125,4727
16-05-2020,Tamil Nadu,10102,6,2599,71,10108
16-05-2020,Telengana,1444,10,959,34,1454
16-05-2020,Tripura,156,0,42,0,156
16-05-2020,Uttar Pradesh,4056,1,2165,95,4057
16-05-2020,Uttarakhand,81,1,51,1,82
16-05-2020,West Bengal,2461,0,829,225,2461
17-05-2020,Andaman and Nicobar Islands,33,0,33,0,33
17-05-2020,Andhra Pradesh,2355,0,1353,49,2355
17-05-2020,Arunachal Pradesh,1,0,1,0,1
17-05-2020,Assam,92,0,41,2,92
17-05-2020,Bihar,1179,0,453,7,1179
17-05-2020,Chandigarh,191,0,51,3,191
17-05-2020,Chhattisgarh,67,0,56,0,67
17-05-2020,Dadar Nagar Haveli,1,0,0,0,1
17-05-2020,Delhi,9332,1,3926,129,9333
17-05-2020,Goa,16,1,7,0,17
17-05-2020,Gujarat,10987,1,4308,625,10988
17-05-2020,Haryana,873,14,514,13,887
17-05-2020,Himachal Pradesh,78,0,43,3,78
17-05-2020,Jammu and Kashmir,1121,0,542,12,1121
17-05-2020,Jharkhand,217,0,113,3,217
17-05-2020,Karnataka,1092,0,496,36,1092
17-05-2020,Kerala,579,8,495,4,587
17-05-2020,Ladakh,43,0,22,0,43
17-05-2020,Madhya Pradesh,4789,0,2315,243,4789
17-05-2020,Maharashtra,30703,3,7088,1135,30706
17-05-2020,Manipur,7,0,2,0,7
17-05-2020,Meghalaya,13,0,11,1,13
17-05-2020,Mizoram,1,0,1,0,1
17-05-2020,Odisha,737,0,196,3,737
17-05-2020,Puducherry,13,0,9,1,13
17-05-2020,Punjab,1946,0,1257,32,1946
17-05-2020,Rajasthan,4958,2,2839,126,4960
17-05-2020,Tamil Nadu,10579,6,3538,74,10585
17-05-2020,Telengana,1499,10,971,34,1509
17-05-2020,Tripura,167,0,64,0,167
17-05-2020,Uttar Pradesh,4257,1,2441,104,4258
17-05-2020,Uttarakhand,87,1,51,1,88
17-05-2020,West Bengal,2576,0,872,232,2576
18-05-2020,Andaman and Nicobar Islands,33,0,33,0,33
18-05-2020,Andhra Pradesh,2407,0,1456,50,2407
18-05-2020,Arunachal Pradesh,1,0,1,0,1
18-05-2020,Assam,101,0,41,2,101
18-05-2020,Bihar,1262,0,475,8,1262
18-05-2020,Chandigarh,191,0,51,3,191
18-05-2020,Chhattisgarh,86,0,59,0,86
18-05-2020,Dadar Nagar Haveli,1,0,0,0,1
18-05-2020,Delhi,10053,1,4485,160,10054
18-05-2020,Goa,28,1,7,0,29
18-05-2020,Gujarat,11378,1,4499,659,11379
18-05-2020,Haryana,896,14,562,14,910
18-05-2020,Himachal Pradesh,80,0,44,3,80
18-05-2020,Jammu and Kashmir,1183,0,575,13,1183
18-05-2020,Jharkhand,223,0,113,3,223
18-05-2020,Karnataka,1147,0,509,37,1147
18-05-2020,Kerala,593,8,497,4,601
18-05-2020,Ladakh,43,0,24,0,43
18-05-2020,Madhya Pradesh,4977,0,2403,248,4977
18-05-2020,Maharashtra,33050,3,7688,1198,33053
18-05-2020,Manipur,7,0,2,0,7
18-05-2020,Meghalaya,13,0,11,1,13
18-05-2020,Mizoram,1,0,1,0,1
18-05-2020,Odisha,828,0,220,4,828
18-05-2020,Puducherry,13,0,9,1,13
18-05-2020,Punjab,1964,0,1366,35,1964
18-05-2020,Rajasthan,5200,2,2992,131,5202
18-05-2020,Tamil Nadu,11218,6,4172,78,11224
18-05-2020,Telengana,1541,10,992,34,1551
18-05-2020,Tripura,167,0,85,0,167
18-05-2020,Uttar Pradesh,4258,1,2441,104,4259
18-05-2020,Uttarakhand,91,1,52,1,92
18-05-2020,West Bengal,2677,0,959,238,2677
19-05-2020,Andaman and Nicobar Islands,33,0,33,0,33
19-05-2020,Andhra Pradesh,2474,0,1552,50,2474
19-05-2020,Arunachal Pradesh,1,0,1,0,1
19-05-2020,Assam,107,0,41,2,107
19-05-2020,Bihar,1391,0,494,9,1391
19-05-2020,Chandigarh,196,0,54,3,196
19-05-2020,Chhattisgarh,93,0,59,0,93
19-05-2020,Dadar Nagar Haveli,1,0,0,0,1
19-05-2020,Delhi,10053,1,4485,168,10054
19-05-2020,Goa,37,1,7,0,38
19-05-2020,Gujarat,11744,1,4804,694,11745
19-05-2020,Haryana,914,14,598,14,928
19-05-2020,Himachal Pradesh,90,0,44,3,90
19-05-2020,Jammu and Kashmir,1289,0,609,15,1289
19-05-2020,Jharkhand,223,0,113,3,223
19-05-2020,Karnataka,1246,0,530,37,1246
19-05-2020,Kerala,622,8,497,4,630
19-05-2020,Ladakh,43,0,41,0,43
19-05-2020,Madhya Pradesh,5236,0,2435,252,5236
19-05-2020,Maharashtra,35055,3,8437,1249,35058
19-05-2020,Manipur,7,0,2,0,7
19-05-2020,Meghalaya,13,0,11,1,13
19-05-2020,Mizoram,1,0,1,0,1
19-05-2020,Odisha,876,0,220,4,876
19-05-2020,Puducherry,18,0,9,1,18
19-05-2020,Punjab,1980,0,1547,37,1980
19-05-2020,Rajasthan,5505,2,3218,138,5507
19-05-2020,Tamil Nadu,11754,6,4406,81,11760
19-05-2020,Telengana,1587,10,1000,35,1597
19-05-2020,Tripura,167,0,85,0,167
19-05-2020,Uttar Pradesh,4604,1,2783,118,4605
19-05-2020,Uttarakhand,92,1,52,1,93
19-05-2020,West Bengal,2825,0,1006,244,2825
20-05-2020,Andaman and Nicobar Islands,33,0,33,0,33
20-05-2020,Andhra Pradesh,2532,0,1621,52,2532
20-05-2020,Arunachal Pradesh,1,0,1,0,1
20-05-2020,Assam,142,0,41,4,142
20-05-2020,Bihar,1498,0,534,9,1498
20-05-2020,Chandigarh,200,0,57,3,200
20-05-2020,Chhattisgarh,101,0,59,0,101
20-05-2020,Dadar Nagar Haveli,1,0,0,0,1
20-05-2020,Delhi,10553,1,4750,168,10554
20-05-2020,Goa,45,1,7,0,46
20-05-2020,Gujarat,12139,1,5043,719,12140
20-05-2020,Haryana,950,14,627,14,964
20-05-2020,Himachal Pradesh,92,0,47,3,92
20-05-2020,Jammu and Kashmir,1317,0,653,17,1317
20-05-2020,Jharkhand,231,0,127,3,231
20-05-2020,Karnataka,1397,0,544,40,1397
20-05-2020,Kerala,634,8,497,4,642
20-05-2020,Ladakh,43,0,43,0,43
20-05-2020,Madhya Pradesh,5465,0,2630,258,5465
20-05-2020,Maharashtra,37133,3,9639,1325,37136
20-05-2020,Manipur,9,0,2,0,9
20-05-2020,Meghalaya,13,0,12,1,13
20-05-2020,Mizoram,1,0,1,0,1
20-05-2020,Odisha,978,0,277,5,978
20-05-2020,Puducherry,18,0,9,1,18
20-05-2020,Punjab,2002,0,1642,38,2002
20-05-2020,Rajasthan,5843,2,3337,143,5845
20-05-2020,Tamil Nadu,12442,6,4895,84,12448
20-05-2020,Telengana,1624,10,1010,38,1634
20-05-2020,Tripura,173,0,116,0,173
20-05-2020,Uttar Pradesh,4925,1,2918,123,4926
20-05-2020,Uttarakhand,110,1,52,1,111
20-05-2020,West Bengal,2961,0,1074,250,2961
21-05-2020,Andaman and Nicobar Islands,33,0,33,0,33
21-05-2020,Andhra Pradesh,2602,0,1640,53,2602
21-05-2020,Arunachal Pradesh,1,0,1,0,1
21-05-2020,Assam,170,0,48,4,170
21-05-2020,Bihar,1674,0,571,10,1674
21-05-2020,Chandigarh,202,0,57,3,202
21-05-2020,Chhattisgarh,115,0,59,0,115
21-05-2020,Dadar Nagar Haveli,1,0,0,0,1
21-05-2020,Delhi,11087,1,5192,176,11088
21-05-2020,Goa,49,1,7,0,50
21-05-2020,Gujarat,12536,1,5219,749,12537
21-05-2020,Haryana,979,14,648,14,993
21-05-2020,Himachal Pradesh,110,0,54,3,110
21-05-2020,Jammu and Kashmir,1390,0,678,18,1390
21-05-2020,Jharkhand,231,0,127,3,231
21-05-2020,Karnataka,1462,0,556,41,1462
21-05-2020,Kerala,658,8,502,4,666
21-05-2020,Ladakh,44,0,43,0,44
21-05-2020,Madhya Pradesh,5735,0,2733,267,5735
21-05-2020,Maharashtra,39294,3,10318,1390,39297
21-05-2020,Manipur,25,0,2,0,25
21-05-2020,Meghalaya,14,0,12,1,14
21-05-2020,Mizoram,1,0,1,0,1
21-05-2020,Odisha,1052,0,307,6,1052
21-05-2020,Puducherry,18,0,9,0,18
21-05-2020,Punjab,2005,0,1794,38,2005
21-05-2020,Rajasthan,6013,2,3404,147,6015
21-05-2020,Tamil Nadu,13185,6,5882,87,13191
21-05-2020,Telengana,1651,10,1015,40,1661
21-05-2020,Tripura,173,0,133,0,173
21-05-2020,Uttar Pradesh,5174,1,3066,127,5175
21-05-2020,Uttarakhand,121,1,53,1,122
21-05-2020,West Bengal,3103,0,1136,253,3103
22-05-2020,Andaman and Nicobar Islands,33,0,33,0,33
22-05-2020,Andhra Pradesh,2647,0,1709,53,2647
22-05-2020,Arunachal Pradesh,1,0,1,0,1
22-05-2020,Assam,203,0,54,4,203
22-05-2020,Bihar,1982,0,593,11,1982
22-05-2020,Chandigarh,217,0,139,3,217
22-05-2020,Chhattisgarh,128,0,59,0,128
22-05-2020,Dadar Nagar Haveli,1,0,0,0,1
22-05-2020,Delhi,11658,1,5567,194,11659
22-05-2020,Goa,51,1,7,0,52
22-05-2020,Gujarat,12904,1,5488,773,12905
22-05-2020,Haryana,1017,14,681,15,1031
22-05-2020,Himachal Pradesh,152,0,59,3,152
22-05-2020,Jammu and Kashmir,1449,0,684,20,1449
22-05-2020,Jharkhand,290,0,129,3,290
22-05-2020,Karnataka,1605,0,571,41,1605
22-05-2020,Kerala,682,8,510,4,690
22-05-2020,Ladakh,44,0,43,0,44
22-05-2020,Madhya Pradesh,5981,0,2843,270,5981
22-05-2020,Maharashtra,41639,3,11726,1454,41642
22-05-2020,Manipur,25,0,2,0,25
22-05-2020,Meghalaya,14,0,12,1,14
22-05-2020,Mizoram,1,0,1,0,1
22-05-2020,Odisha,1103,0,393,7,1103
22-05-2020,Puducherry,20,0,10,0,20
22-05-2020,Punjab,2028,0,1819,39,2028
22-05-2020,Rajasthan,6225,2,3485,151,6227
22-05-2020,Tamil Nadu,13961,6,6282,94,13967
22-05-2020,Telengana,1689,10,1035,45,1699
22-05-2020,Tripura,173,0,148,0,173
22-05-2020,Uttar Pradesh,5514,1,3204,138,5515
22-05-2020,Uttarakhand,145,1,54,1,146
22-05-2020,West Bengal,3197,0,1193,259,3197
23-05-2020,Andaman and Nicobar Islands,33,0,33,0,33
23-05-2020,Andhra Pradesh,2709,0,1763,55,2709
23-05-2020,Arunachal Pradesh,1,0,1,0,1
23-05-2020,Assam,259,0,54,4,259
23-05-2020,Bihar,2177,0,629,11,2177
23-05-2020,Chandigarh,218,0,178,3,218
23-05-2020,Chhattisgarh,172,0,62,0,172
23-05-2020,Dadar Nagar Haveli,1,0,0,0,1
23-05-2020,Delhi,12318,1,5897,208,12319
23-05-2020,Goa,53,1,16,0,54
23-05-2020,Gujarat,13267,1,5880,802,13268
23-05-2020,Haryana,1053,14,706,16,1067
23-05-2020,Himachal Pradesh,168,0,59,3,168
23-05-2020,Jammu and Kashmir,1489,0,720,20,1489
23-05-2020,Jharkhand,308,0,136,3,308
23-05-2020,Karnataka,1743,0,597,41,1743
23-05-2020,Kerala,724,8,512,4,732
23-05-2020,Ladakh,44,0,43,0,44
23-05-2020,Madhya Pradesh,6170,0,3089,272,6170
23-05-2020,Maharashtra,44579,3,12583,1517,44582
23-05-2020,Manipur,26,0,2,0,26
23-05-2020,Meghalaya,14,0,12,1,14
23-05-2020,Mizoram,1,0,1,0,1
23-05-2020,Odisha,1189,0,436,7,1189
23-05-2020,Puducherry,26,0,10,0,26
23-05-2020,Punjab,2029,0,1847,39,2029
23-05-2020,Rajasthan,6492,2,3680,153,6494
23-05-2020,Tamil Nadu,14747,6,7128,98,14753
23-05-2020,Telengana,1751,10,1043,45,1761
23-05-2020,Tripura,175,0,152,0,175
23-05-2020,Uttar Pradesh,5734,1,3238,152,5735
23-05-2020,Uttarakhand,152,1,56,1,153
23-05-2020,West Bengal,3332,0,1221,265,3332
24-05-2020,Andaman and Nicobar Islands,33,0,33,0,33
24-05-2020,Andhra Pradesh,2757,0,1809,56,2757
24-05-2020,Arunachal Pradesh,1,0,1,0,1
24-05-2020,Assam,329,0,55,4,329
24-05-2020,Bihar,2380,0,653,11,2380
24-05-2020,Chandigarh,225,0,179,3,225
24-05-2020,Chhattisgarh,214,0,64,0,214
24-05-2020,Dadar Nagar Haveli,2,0,0,0,2
24-05-2020,Delhi,12909,1,6267,231,12910
24-05-2020,Goa,54,1,16,0,55
24-05-2020,Gujarat,13663,1,6169,829,13664
24-05-2020,Haryana,1117,14,750,16,1131
24-05-2020,Himachal Pradesh,185,0,61,3,185
24-05-2020,Jammu and Kashmir,1569,0,774,21,1569
24-05-2020,Jharkhand,350,0,141,4,350
24-05-2020,Karnataka,1959,0,608,42,1959
24-05-2020,Kerala,787,8,515,4,795
24-05-2020,Ladakh,49,0,43,0,49
24-05-2020,Madhya Pradesh,6371,0,3267,281,6371
24-05-2020,Maharashtra,47187,3,13404,1577,47190
24-05-2020,Manipur,29,0,4,0,29
24-05-2020,Meghalaya,14,0,12,1,14
24-05-2020,Mizoram,1,0,1,0,1
24-05-2020,Odisha,1269,0,497,7,1269
24-05-2020,Puducherry,26,0,10,0,26
24-05-2020,Punjab,2045,0,1870,39,2045
24-05-2020,Rajasthan,6740,2,3786,160,6742
24-05-2020,Sikkim,1,0,0,0,1
24-05-2020,Tamil Nadu,15506,6,7491,103,15512
24-05-2020,Telengana,1803,10,1065,49,1813
24-05-2020,Tripura,189,0,153,0,189
24-05-2020,Uttar Pradesh,6016,1,3406,155,6017
24-05-2020,Uttarakhand,243,1,56,2,244
24-05-2020,West Bengal,3459,0,1281,269,3459
25-05-2020,Andaman and Nicobar Islands,33,0,33,0,33
25-05-2020,Andhra Pradesh,2823,0,1856,56,2823
25-05-2020,Arunachal Pradesh,1,0,1,0,1
25-05-2020,Assam,378,0,55,4,378
25-05-2020,Bihar,2587,0,702,13,2587
25-05-2020,Chandigarh,238,0,186,3,238
25-05-2020,Chhattisgarh,252,0,67,0,252
25-05-2020,Dadar Nagar Haveli,2,0,0,0,2
25-05-2020,Delhi,13417,1,6540,261,13418
25-05-2020,Goa,65,1,19,0,66
25-05-2020,Gujarat,14055,1,6412,858,14056
25-05-2020,Haryana,1170,14,765,16,1184
25-05-2020,Himachal Pradesh,203,0,63,3,203
25-05-2020,Jammu and Kashmir,1621,0,809,21,1621
25-05-2020,Jharkhand,370,0,148,4,370
25-05-2020,Karnataka,2089,0,654,42,2089
25-05-2020,Kerala,839,8,521,4,847
25-05-2020,Ladakh,52,0,43,0,52
25-05-2020,Madhya Pradesh,6665,0,3408,290,6665
25-05-2020,Maharashtra,50228,3,14600,1635,50231
25-05-2020,Manipur,32,0,4,0,32
25-05-2020,Meghalaya,14,0,12,1,14
25-05-2020,Mizoram,1,0,1,0,1
25-05-2020,Odisha,1336,0,550,7,1336
25-05-2020,Puducherry,41,0,12,0,41
25-05-2020,Punjab,2060,0,1898,40,2060
25-05-2020,Rajasthan,7026,2,3848,163,7028
25-05-2020,Sikkim,1,0,0,0,1
25-05-2020,Tamil Nadu,16271,6,8324,111,16277
25-05-2020,Telengana,1844,10,1090,53,1854
25-05-2020,Tripura,191,0,165,0,191
25-05-2020,Uttar Pradesh,6267,1,3538,161,6268
25-05-2020,Uttarakhand,316,1,58,3,317
25-05-2020,West Bengal,3667,0,1339,272,3667
26-05-2020,Andaman and Nicobar Islands,33,0,33,0,33
26-05-2020,Andhra Pradesh,3110,0,1896,56,3110
26-05-2020,Arunachal Pradesh,2,0,1,0,2
26-05-2020,Assam,526,0,62,4,526
26-05-2020,Bihar,2730,0,749,13,2730
26-05-2020,Chandigarh,238,0,186,3,238
26-05-2020,Chhattisgarh,291,0,72,0,291
26-05-2020,Dadar Nagar Haveli,2,0,0,0,2
26-05-2020,Delhi,14052,1,6771,276,14053
26-05-2020,Goa,66,1,19,0,67
26-05-2020,Gujarat,14459,1,6636,888,14460
26-05-2020,Haryana,1170,14,765,16,1184
26-05-2020,Himachal Pradesh,223,0,67,5,223
26-05-2020,Jammu and Kashmir,1668,0,809,23,1668
26-05-2020,Jharkhand,377,0,148,4,377
26-05-2020,Karnataka,2182,0,705,44,2182
26-05-2020,Kerala,888,8,532,5,896
26-05-2020,Ladakh,52,0,43,0,52
26-05-2020,Madhya Pradesh,6859,0,3571,300,6859
26-05-2020,Maharashtra,52664,3,15786,1695,52667
26-05-2020,Manipur,39,0,4,0,39
26-05-2020,Meghalaya,14,0,12,1,14
26-05-2020,Mizoram,1,0,1,0,1
26-05-2020,Nagaland,3,0,0,0,3
26-05-2020,Odisha,1438,0,649,7,1438
26-05-2020,Puducherry,41,0,12,0,41
26-05-2020,Punjab,2060,0,1898,40,2060
26-05-2020,Rajasthan,7298,2,3951,167,7300
26-05-2020,Sikkim,1,0,0,0,1
26-05-2020,Tamil Nadu,17076,6,8731,118,17082
26-05-2020,Telengana,1910,10,1164,56,1920
26-05-2020,Tripura,194,0,165,0,194
26-05-2020,Uttar Pradesh,6531,1,3581,165,6532
26-05-2020,Uttarakhand,348,1,58,3,349
26-05-2020,West Bengal,3816,0,1414,278,3816
